Species,Latitude,Longitude,Maximum_depth,Minimum_depth,a,b,Maximum_length,K,M,GT,AOM,RM,TL,Q/B
Ablennes_hians,-37.29,-32.25,12,0,0.00089,3.1,140,0.61,0.84,1.7,1,2.52,4.5,6.2
Aboma_etheostoma,-30.28,-31.46,10,0,0.00891,3.07,3.6,1.47,1.252053636,0.9,0.7,4.812146192,3.2,76.9
Abudefduf_declivifrons,-20.16,-29.19,15,1,0.0195,3,18,0.33,0.85,3.2,2.4,3.62,2.7,28.3
Abudefduf_troschelii,-38.51,-33.17,15,1,0.0195,3.01,23,0.36,0.85,2.9,2.1,3.62,3,41
Acanthocybium_solandri,-34.15,-37.1002,20,0,0.00282,3.17,250,0.34,0.52,2.9,1.7,1.62,4.3,10.6
Acanthurus_achilles,-14.19,-0.86,10,0,0.022316667,2.956666667,24,0.58,1.21,1.3,1.3,4.5,2,29.8
Acanthurus_nigricans,-32.26,-25.06,70,1,0.02512,2.93,22,0.28,0.75,3.8,2.8,3.86,2,28.9
Acanthurus_triostegus_triostegus,-25.55,-19.53,90,1,0.02188,2.96,27,1,1.92,1.1,0.8,6.82,2.8,11.2
Acanthurus_xanthopterus,-27.2,-21.65,100,1,0.01995,2.98,70,0.28,0.54,3.1,2.3,1.92,2.9,18
Achirus_klunzingeri,-20.11,-18.71,40,14,0.01202,3.13,23,0.41,0.9,3.1,1.8,3.5,3.4,24.4
Achirus_mazatlanus,-35.28,-34.05,60,10,0.01288,3.17,20,1.1,1.75,0.8,0.7,5.48,3.2,29.3
Achirus_scutum,-28.45,-27.28,46,13,0.01202,3.13,28,0.34,0.75,2.3,2.1,3.04,3.3,9.8
Agonostomus_monticola,-29.22,-29.38,5,0,0.01072,3,36,0.27,0.6,3,2.6,2.32,2.5,8.4
Albula_esuncula,-28.96,-26.43,10,0,0.01202,3.01,70,0.53,0.79,1.5,1.4,2.8,3.3,20
Albula_gilberti,-7.78,-6.91,10,0,0.01202,3.01,34,0.65,0.79,1.2,1.1,2.8,3.2,22.8
Albula_pacifica,-26.5,-29.54,10,0,0.01202,3.01,60,0.35,0.79,4.5,3.7,2.8,3.3,161.6
Alectis_ciliaris,-31.8,-31.03,100,60,0.02138,2.87,150,0.14,0.21,6.9,4.2,0.64,4,2.1
Alphestes_immaculatus,-38.25,-32.88,50,1,0.01096,3.04,30,0.34,0.73,2.3,2.1,2.34,3.5,9.4
Alphestes_multiguttatus,-38.28,-32.88,30,1,0.01096,3.04,30,0.34,0.73,2.3,2.1,2.84,3.5,9.4
Aluterus_monoceros,-32.27,-30.97,80,1,0.01862,2.89,76.2,0.22,0.37,4,3,1.2,3.8,3.6
Aluterus_scriptus,-28.23,-31.04,120,3,0.01862,2.89,110,0.09,0.17,10.3,6.7,0.58,2.8,12.3
Ammodytoides_gilli,-24.3,-19.38,25,1,0.00324,3.11,13.5,0.8,1.75,1.4,1.1,6.8,3.1,36.9
Anableps_dowei,-3.29,-8.76,5,0,0.00417,3.14,34,0.17,0.48,6.1,4.4,2.6,2.8,26.3
Anarchias_galapagensis,-28.36,-21.48,61,0,0.00102,3.06,17,0.68,1.41,1.6,1.2,5.24,3.4,29.2
Anchoa_analis,-2.73,-2.1,10,0,0.00501,3.15,12.5,0.99,2.091,1.2,0.9,8.224545455,3.4,26.4
Anchoa_argentivittata,-35.64,-33.27,50,0,0.00501,3.15,12.5,0.96,1.96,1.2,0.9,7.28,3.4,35.2
Anchoa_compressa,-7.55,-5.2,50,0,0.00501,3.15,16.5,0.76,2.091,1.5,1.1,8.224545455,3.4,10.1
Anchoa_curta,-35.22,-36.26,50,0,0.00501,3.15,8.9,1.32,2.71,0.9,0.7,10.06,3.3,43.2
Anchoa_eigenmannia,-21.77,-24.15,50,0,0.00501,3.15,8,1.46,2.99,0.8,0.6,10.64,3.3,45.9
Anchoa_exigua,-32.44,-34.28,50,0,0.00501,3.15,7.5,1.55,3.18,0.8,0.6,11.82,3.3,48
Anchoa_helleri,-10.57,-9.3,50,0,0.00501,3.15,10,1.15,2.091,1,0.8,8.224545455,3.4,29.2
Anchoa_ischana,-35.05,-34.18,50,0,0.00501,3.14,14,0.87,1.78,1.3,0.9,6.62,3.4,35.3
Anchoa_lucida,-34.7,-34.84,60,1,0.00562,3.13,16,0.76,2.091,1.4,1.1,8.224545455,3.5,21
Anchoa_mundeola,-16.95,-29.7,10,0,0.00501,3.14,16,0.21,0.66,5.2,3.8,4.68,3.4,40.9
Anchoa_mundeoloides,-1.15,-0.6,10,0,0.00501,3.15,15,0.81,1.38,1.3,1,4.5,3.4,20.7
Anchoa_nasus,-40.07,-36.22,142,0,0.00501,3.15,17,1.78,3.45,0.7,0.5,11.74,3.5,45.4
Anchoa_panamensis,-19.61,-14.66,50,0,0.00501,3.16,15.5,2.79,2.091,0.3,0.3,12.74,3.4,32.5
Anchoa_scofieldi,-17.8,-30.29,50,0,0.00501,3.15,8,1.53,2.091,0.8,0.6,8.224545455,3.3,53.5
Anchoa_spinifer,-19.48,-14.25,55,1,0.00437,3.18,26,0.53,1.08,1.5,1.4,4.01,4.1,11.1
Anchoa_starksi,-18.04,-12.23,50,0,0.00501,3.15,9.5,1.26,2.091,0.9,0.7,8.224545455,3.3,47.3
Anchoa_walkeri,-33.32,-32.79,50,0,0.00501,3.15,14.5,0.84,1.72,1.3,1,6.38,3.4,32.1
Anchovia_macrolepidota,-36.95,-33.57,50,0,0.00692,3.22,25,0.51,1.04,1.5,1.5,3.86,2.7,31.7
Ancylopsetta_dendritica,-36.69,-33.2,100,10,0.00794,3.17,35,0.32,0.68,2.5,2.2,2.52,4.2,7.7
Anisotremus_caesius,-26.58,-26.84,25,3,0.01622,3.03,30,0.36,0.77,2.2,2,2.98,3.4,9.4
Anisotremus_davidsonii,-10.14,-9.2,61,0,0.018996667,3.04,60,0.34,0.52,2.6,2,1.63,3.5,3.7
Anisotremus_interruptus,-35.44,-32.59,30,3,0.02455,3.06,90,0.13,0.33,6.5,5.2,1.54,3.5,5.7
Anisotremus_taeniatus,-30.12,-30.1,25,5,0.01622,3.03,31,0.35,0.74,2.3,2.1,2.74,4.2,9.2
Apogon_atricaudus,-18.69,-9.09,50,3,0.01047,3.1,9,1.52,3.08,0.8,0.6,10.96,3.5,20.8
Apogon_dovii,-31.31,-27,45,3,0.01047,3.1,10,1.62,3.29,0.7,0.6,12.22,3.4,21.8
Apogon_guadalupensis,-10.68,-3.6,30,9,0.01047,3.1,13,0.97,1.63,1.1,0.8,5.32,4,10.3
Apogon_pacificus,-37.93,-32.56,90,0,0.01023,3.09,10,1.25,2.51,0.9,0.7,9.32,3.4,17.5
Apogon_retrosella,-27.38,-32.53,60,1,0.01122,3.12,10,1.25,2.51,0.9,0.7,9.32,3.5,16.7
Apterichtus_equatorialis,-32.81,-33.2,145,15,0.00151,2.91,30,0.77,1.38,1,1,4.7,3.8,22.1
Arcos_erythrops,-12.19,-14.75,15,0,0.0055,3.11,5.4,0.54,1.111118919,2.5,1.9,7.651666667,3,117
Argentina_sialis,-11.49,-12.13,325,10,0.00427,3.18,22,0.54,0.7,1.9,1.4,2.02,3.1,3.9
Ariopsis_guatemalensis,-21.6,-29.77,20,0,0.01148,2.96,45,0.06,0.18,14.2,10.9,1.08,3.6,17.9
Ariopsis_seemanni,-32.53,-29.82,20,0,0.01047,2.99,35,0.28,0.6,2.9,2.5,2.32,3.6,8.2
Ariosoma_gilberti,-31.26,-24.47,100,1,0.00107,3.07,27,0.49,0.99,1.6,1.5,3.68,3.8,22.1
Arothron_hispidus,-24.73,-19.08,90,1,0.03548,2.88,50,0.34,0.65,2.5,2,2.32,3.2,19.4
Arothron_meleagris,-28.85,-22.36,73,1,0.02512,2.88,50,0.35,0.65,2.5,2.5,2.32,3.6,23.6
Aruma_histrio,-7.98,-4.22,14,0,0.00589,3.12,6.5,0.81,1.282700227,1.5,1.1,4.996076389,3.3,52.1
Aseraggodes_herrei,-20.05,-20.52,75,1,0.01096,3.07,15,0.55,1.24,2,1.5,5.04,3.6,14.3
Astroscopus_zephyreus,-40.74,-35.9,385,15,0.00417,3.08,56,0.27,0.59,3,2.6,2.3,4.3,18.1
Atherinella_crystallina,-3.83,-2.59,10,0,0.01,3.04,10,1.22,2.9,1.3,1.1,10.52,3,161.6
Atherinella_eriarcha,-26.13,-27.67,10,0,0.00479,3.1,8,1.6,3.2,0.7,0.6,11.38,3,45.9
Atherinella_guatemalensis,-9.14,-22.61,10,0,0.00479,3.1,9.5,1.41,2.9,0.8,0.6,10.52,3,48
Atherinella_nepenthe,-18.83,-30.71,10,0,0.00479,3.1,10,1.3,2.6,0.9,0.7,9.66,3,40.2
Atherinella_starksi,-19.07,-19,10,0,0.00479,3.1,14,0.99,2.9,1.1,0.8,10.52,3,38
Atherinops_affinis,-9.31,-7.03,26,0,0.00851,2.98,37,0.36,0.61,2.3,2,1.99,2.8,20.4
Atherinopsis_californiensis,-21.07,-31.19,30,0,0.00676,3.03,48.6,0.28,0.48,3.1,2.5,1.57,2.3,17.6
Atractoscion_nobilis,-7.62,-5.12,122,0,0.00776,3.07,166,0.13,0.22,7.4,4.5,0.72,4.3,2.9
Aulorhynchus_flavidus,-20.0306,-6.73,30,0,0.00263,3.14,18,0.52,0.96,2.1,1.5,3.26,3.4,12.8
Auxis_rochei_eudorax,-33.24,-27.24,200,0,0.00331,3.15,55,0.68,1.031001799,1.2,1,3.674229014,4.2,18.5
Auxis_thazard_brachydorax,-30.34,-28.6,200,0,0.00331,3.15,61,0.62,1.031001799,1.3,1.1,3.674229014,4.2,17.5
Awaous_banana,-33.5485,-12.58,3,0.3,0.00832,3.07,37,0.2,1.282700227,3.6,0.5,4.996076389,2,28.1
Axoclinus_lucillae,-27.6617,-25.008,20,1,0.0055,3.07,3,2.61,5.83,0.5,0.4,22.64,2.7,127.5
Axoclinus_multicinctus,-0.59,0.12,20,1,0.0055,3.07,3,2.61,5.83,0.5,0.4,22.64,2.8,127.5
Axoclinus_nigricaudus,-8.29,-4.62,5,0,0.0055,3.07,4.8,1.8,4.01,0.7,0.6,17.04,2.8,100.1
Azurina_hirundo,-10.68,-3.6,30,5,0.01479,2.99,14,0.42,2.14,2.6,1.9,3.828730339,2.7,21.6
Bagre_panamensis,-38.24,-33.94,177,3,0.00891,3.06,57,0.19,0.35,4.4,3.5,1.2,4,10.1
Bagre_pinnimaculatus,-33.31,-31.05,20,0,0.00479,3.11,95,0.11,0.24,8.3,5.6,0.94,4.5,4.7
Bairdiella_armata,-16.32,-30.54,20,1,0.00832,3.09,30,0.57,1.08,1.4,1.3,3.68,3.3,9.4
Bairdiella_ensifera,-24.01,-22.97,20,1,0.00832,3.09,35,0.49,0.93,1.7,1.4,3.16,3.7,8.6
Bairdiella_icistia,-15.76,-20.97,20,1,0.00832,3.09,30,0.57,1.08,1.4,1.3,3.68,3.9,9.4
Balistes_polylepis,-38.75,-33.4,512,3,0.02399,2.89,80,0.17,0.32,5,3.9,1.08,3.3,4.1
Barbulifer_mexicanus,-7.49,-15.46,20,0,0.00589,3.12,3.5,1.65,1.282700227,1,0.8,4.996076389,3.1,106.3
Barbulifer_pantherinus,-7.39,-2.93,32,0,0.00891,3.08,5.2,0.99,1.282700227,1.2,1,4.996076389,3.3,39.1
Bascanichthys_bascanoides,-21.85,-27.56,20,0,0.00151,2.91,77,0.29,0.53,3.1,2.2,1.78,3.9,11.8
Bascanichthys_cylindricus,-16.83,-23.09,30,0,0.00151,2.91,88,0.26,0.46,3.5,2.4,1.5,3.9,10.9
Bascanichthys_panamensis,-18.52,-31.45,30,0,0.00151,2.91,76,0.29,0.52,3.1,2.2,1.78,3.9,11.9
Bathygobius_ramosus,-36.89,-32.79,2,0,0.00589,3.12,20,0.34,0.81,3.1,2.2,3.44,3.7,26.5
Bellator_gymnostethus,-32.19,-32.97,200,30,0.01479,3.01,15,0.55,1.06,2,1.5,3.76,3.5,8.1
Bellator_loxias,-26.11,-27.71,191,20,0.00389,3.12,15,0.55,1.24,2,1.5,5.04,3.5,31.5
Bellator_xenisma,-28.4,-36.33,200,17,0.00389,3.12,12.5,0.73,1.38,1.5,1.1,4.9,3.4,25
Bodianus_diplotaenia,-38.07,-33.75,76,5,0.0123,3.04,76,0.12,0.25,7.4,5.3,0.92,3.4,4.4
Bollmannia_macropoma,-31.48,-28.34,255,90,0.01,3.04,13,0.42,1.282700227,3.8,3.1,4.996076389,3.5,161.6
Bollmannia_marginalis,-30.53,-32.7,120,10,0.00589,3.12,5.7,0.42,1.282700227,3.8,3.1,4.996076389,3.5,161.6
Bollmannia_ocellata,-32.69,-33.62,120,10,0.00589,3.12,14,0.4,1.282700227,2.7,2,4.996076389,3.5,21.6
Bollmannia_stigmatura,-36.5,-33.03,120,10,0.00589,3.12,14,0.4,1.282700227,2.7,2,4.996076389,3.5,21.6
Bollmannia_umbrosa,-35.64,-31.87,100,60,0.01,3.04,14,0.4,1.282700227,2.7,2,4.996076389,3.5,32.8
Bothus_leopardinus,-31.45,-31.78,121,55,0.01096,3,23.5,0.26,0.64,2.9,2.9,2.84,3.7,9.2
Bothus_mancus,-23.12,-24.83,150,3,0.01,3.02,51,0.23,0.64,3.7,2.9,2.84,4.4,6.8
Brama_japonica,-41.48,-39.87,620,271,0.01862,2.94,61,0.18,0.29,5.1,3.6,0.9,4.4,3.3
Brotula_clarkae,-37.73,-33.4,650,0,0.00372,3.11,115,0.13,0.26,7.2,4.6,0.92,3.8,4.9
Brotula_ordwayi,-30.34,-25.91,75,0,0.00372,3.11,79,0.19,0.38,4.7,3.3,1.36,3.7,12
Callechelys_cliffi,-18.08,-32,30,0,0.00151,2.91,45.5,0.39,1.155020595,2.2,1.8,4.147739064,3.8,16.1
Callechelys_eristigma,-20.45,-24.01,25,5,0.00151,2.91,113,0.17,1.239813764,5.5,3.6,4.09330269,4,9.3
Calotomus_carolinus,-24.12,-19.38,71,1,0.01175,3.1,54,0.31,0.59,2.8,2.2,2,2,13.8
Cantherhines_dumerilii,-23.64,-23.97,70,6,0.02512,2.91,38,0.24,0.54,3.4,2.9,2.2,3.1,7.2
Canthidermis_maculata,-24.93,-19.7,110,1,0.02344,2.95,50,0.23,0.4,3.7,2.9,1.3,3.5,4.6
Canthigaster_punctatissima,-30.9,-32.01,21,2,0.01349,3.03,9,1.68,3.23,0.7,0.5,11,3.1,34.5
Carangoides_orthogrammus,-23.73,-19.65,170,3,0.0123,2.94,75,0.27,0.5,3.3,2.4,1.7,4.5,4.8
Carangoides_otrynter,-32.76,-34.27,100,60,0.01778,2.93,60,0.33,0.61,2.6,2,2.08,4.4,6.2
Caranx_caballus,-37.77,-32.72,100,3,0.02089,2.99,70,0.36,0.5275,2.6,1.9,1.76,4.1,3.9
Caranx_caninus,-37.78,-32.73,350,1,0.02239,3,101,0.2,0.5275,4.6,3.2,1,3.9,2.7
Caranx_lugubris,-23.64,-23.97,354,3,0.0182,2.94,100,0.12,0.27,7.6,5.1,1.1,4.5,5.2
Caranx_melampygus,-26.2,-31.19,230,0,0.01905,2.95,117,0.23,0.42,4,2.7,1.44,4.5,4.3
Caranx_sexfasciatus,-31.45,-30.58,146,0,0.019746,2.964,120,0.24,0.48,3.8,2.6,1.7,4.5,4.9
Caranx_vinctus,-34.74,-32.63,50,0,0.0182,2.94,38,0.51,0.94,1.6,1.4,3.2,3.7,8.3
Cathorops_dasycephalus,-21.62,-27.43,30,10,0.00437,3.13,29,0.33,0.72,2.4,2.2,2.8,4.4,9.6
Cathorops_lirops,-9.36,-14.368,15,0,0.01,3.04,19.7,0.39,0.72,2.7,2,2.8,4.3,26.7
Cathorops_raredonae,-8.97,-17.8513,25,0,0.01,3.04,25,0.33,0.72,4.8,3.9,2.8,4.4,161.6
Caulolatilus_affinis,-38.06,-39.67,200,30,0.00832,3.11,60,0.17,0.37,4.8,4,1.44,3.7,11.7
Caulolatilus_hubbsi,-28.28,-21.43,41,18,0.00832,3.11,39,0.23,0.275,3.5,3.1,1.03,3.7,18.6
Caulolatilus_princeps,-40.1,-37.74,150,3,0.00832,3.11,102,0.1,0.18,9.2,6.1,0.62,3.9,6.5
Centropomus_armatus,-30.97,-30.11,25,0,0.01023,3,37,0.4,0.74,2.1,1.7,2.52,3.9,14.6
Centropomus_medius,-25.98,-32.17,25,0,0.010003333,3,65,0.55,0.87,1.6,1.2,2.72,4,5.9
Centropomus_nigrescens,-33.01,-29.86,25,0,0.010003333,3,123,0.31,0.49,3,1.9,1.54,4.2,4
Centropomus_robalito,-31.34,-30.51,25,0,0.00955,3,34.5,0.99,1.57,0.8,0.7,4.92,3.8,8.7
Centropomus_unionensis,-26.7,-26.06,25,0,0.01023,3,46,0.76,1.2,1.1,0.9,3.76,3.9,16
Centropomus_viridis,-31.39,-30.36,25,0,0.010003333,3,120,0.33,0.52,2.8,1.8,1.62,4.2,9.4
Cephalopholis_colonus,-38.06,-33.3,120,10,0.01096,3.04,35.6,0.29,0.63,2.8,2.4,2.44,3.8,8.7
Cephalopholis_panamensis,-38.26,-32.88,80,1,0.01445,3.07,39,0.2,0.52,3.9,3.6,2.54,4.2,8.9
Cetengraulis_mysticetus,-37.37,-34.14,32,0,0.0055,3.24,22,1.35,2.36,0.6,0.6,7.7,2.5,45.1
Chaenomugil_proboscideus,-32.54,-29.72,10,0,0.01122,2.99,22,0.42,0.93,2.4,1.8,3.78,2,28.4
Chaetodipterus_zonatus,-38.66,-33.87,50,3,0.01445,2.89,65,0.24,0.39,3.6,2.7,1.22,3.3,4.6
Chaetodon_humeralis,-38.21,-32.84,55,3,0.02188,3.01,26.4,0.74,1.36,1.1,1,4.6,2.7,27.6
Chaetodon_meyeri,-19.48,-20.79,25,2,0.02291,3.01,25.4,0.74,1.36,1.1,1,4.64,2.7,27.6
Cheilopogon_atrisignis,-20.26,-20.57,20,0,0.00417,3.12,33,0.89,1.63,0.9,0.8,5.56,3.7,24.9
Cheilopogon_dorsomacula,-23,-8.28,20,0,0.00417,3.12,23,1.15,1.63,0.7,0.7,5.56,3.6,24.4
Cheilopogon_papilio,-16.65,-20.03,20,0,0.00417,3.12,22.2,1.25,1.63,0.8,0.6,5.56,3.6,25.8
Cheilopogon_pinnatibarbatus_californicus,-13.68,-5.78,10,0,0.00417,3.12,48,0.72,1.63,1.1,1,5.56,3.7,11.8
Cheilopogon_spilonotopterus,-26.28,-25.5,20,0,0.00417,3.12,38,0.72,1.63,1.1,1,5.56,4,8.2
Cheilopogon_xenopterus,-29,-12.03,5,0,0.00417,3.12,22,0.92,1.63,1.7,1.4,5.56,3.6,161.6
Cheilotrema_saturnum,-8.12,-3.99,15,3,0.00912,3.1,45,0.18,0.35,4.6,3.8,1.24,3.6,4.5
Cherublemma_emmelas,-32.5833,-31.7167,740,120,0.00275,3.16,25,0.43,0.853058789,1.8,1.7,2.352,3.7,9.3
Chilara_taylori,-33.88,-37.02,371,0,0.00102,3.06,40.4,0.38,0.48,2.8,1.9,1.38,4.1,2.7
Chiloconger_dentatus,-26.03,-18.62,2198,27,0.00107,3.07,30,0.45,0.9,1.8,1.6,3.2,3.8,20.7
Chilomycterus_reticulatus,-29.3,-21.35,141,20,0.0309,2.89,75,0.52,0.68,1.5,1.4,4.3,3.5,3.7
Chloroscombrus_orqueta,-40.5,-35.8,53,0,0.01023,2.95,31,0.62,0.95,1.3,1.2,2.98,2.5,21.6
Chriolepis_cuneata,-22.47,-32.87,32,0,0.00589,3.12,3.1,1.87,1.282700227,0.9,0.7,13.26,3.1,161.6
Chriolepis_minutillus,-5.44,-3.28,46,14,0.00589,3.12,3.2,1.87,3.73,0.7,0.6,13.26,3.1,52.4
Chriolepis_zebra,-35.23,-34.87,30,2,0.00589,3.12,4.4,1.39,2.77,0.9,0.7,9.84,3.2,43.2
Chromis_alta,-35.23,-34.87,150,30,0.01778,3,13,0.44,1.215,2.5,1.8,4.74,3.4,15.6
Chromis_atrilobata,-38.08,-33.75,80,1,0.01413,3.05,13.4,0.52,1.23,2.1,1.6,5.22,3.4,14
Chromis_limbaughi,-10.68,1.17,120,4,0.01549,2.98,12,0.61,1.2,1.9,1.4,4.26,3.4,10
Citharichthys_fragilis,-8.42,-3.5,347,18,0.00708,3.21,22,0.5,0.88,2.1,1.5,2.88,3.5,14.8
Citharichthys_gilberti,-36.69,-33.82,48,1,0.00724,3.16,30,0.41,0.87,1.9,1.8,3.38,4.1,10
Citharichthys_gordae,-20.84,-30.72,146,36,0.00794,3.21,14.7,0.72,1.53,1.5,1.1,5.68,3.4,28.5
Citharichthys_mariajorisae,-17.71,-26.45,45,10,0.00724,3.16,16,0.7,0.972857143,1.6,1.2,3.448571429,3.4,15.8
Citharichthys_platophrys,-33.77,-33.71,10,60,0.00575,3.26,20,0.53,1.12,2,1.4,4.34,3.5,23.4
Citharichthys_sordidus,-9.69,-7.37,549,15,0.00933,3.08,41,0.3,0.53,2.8,2.4,1.72,3.5,5.1
Citharichthys_stigmaeus,-7.9,-5.3,366,0,0.00724,3.16,19,0.63,1.11,1.7,1.2,3.62,3.4,8.7
Citharichthys_xanthostigma,-7.97,-5.33,201,2,0.00724,3.16,25,0.44,0.77,1.8,1.7,2.52,3.6,15.2
Cololabis_adocetus,-9.3167,-3.5,5,0,0.01122,3.04,13,2.91,0.95,0.4,0.3,2.98,3.3,60.3
Cololabis_saira,-10.05,-7.95,230,0,0.0024,3.15,45,0.59,0.95,1.5,1.2,2.98,3.7,7.9
Conodon_serrifer,-33.04,-29.92,60,10,0.01514,2.89,34,0.32,0.68,2.5,2.2,2.52,3.5,20.4
Corvula_macrops,-25.11,-17.53,13,5,0.00955,3.12,25,0.67,1.27,1.2,1.1,4.32,3.5,21
Coryphaena_equiselis,-37.8,-34.77,400,0,0.0166,2.88,127,1.52,1.52,0.6,0.4,4.2,4.5,3.7
Coryphaena_hippurus,-41.33,-34.58,85,0,0.01622,2.84,230,1.03,0.99,1.3,0.6,2.74,4.4,8.48
Coryphopterus_urospilus,-40.3211,-35.9,40,2,0.00741,3.18,8,0.97,2.32,1.2,1,9.86,3.5,23
Cosmocampus_arctus,-38.65,-35.9,10,0,0.00055,3.1,12,1.45,2.24,0.8,0.6,7,3.3,23.7
Crocodilichthys_gracilis,-9.274,-8.57,38,10,0.00562,3.04,6.4,1.3,2.89,0.9,0.7,11.74,2.7,89
Ctenochaetus_marginatus,-15.81,-32.78,18,2,0.02239,2.97,27,0.52,1.03,1.5,1.4,3.66,2,25.1
Ctenogobius_manglicola,-31.87,-31.03,5,0,0.0055,3.11,4,2.07,0.67,0.7,0.6,2.38,3.1,93
Ctenogobius_sagittula,-34.85,-33.17,5,0,0.00501,3.01,20,0.34,0.67,3.1,2.2,2.38,3.7,20.6
Cubiceps_pauciradiatus,-33.25,-11.92,1000,58,0.01072,3.03,20,1.28,2.2,0.6,0.6,7.18,3.6,12.3
Cyclopsetta_panamensis,-32.25,-33.02,50,0,0.00933,3.08,35,0.32,0.68,2.5,2.2,2.52,3.6,18.9
Cyclopsetta_querna,-37.65,-33.48,30,0,0.00776,3.15,39,0.57,1.01,1.5,1.2,3.3,4,8.1
Cynoscion_albus,-28.84,-29.5,50,1,0.00871,3.07,130,0.17,0.33,5.5,3.5,1.18,4.2,4.5
Cynoscion_nannus,-15.89,-27.21,812,100,0.00724,3.03,27,0.62,0.8,1.3,1.2,2.3,4,4
Cynoscion_othonopterus,-4.6,-2.86,30,1,0.007428333,3.048333333,70,0.34,0.5,2.6,1.9,1.5,3.9,8.2
Cynoscion_parvipinnis,-10.3,-9.68,101,1,0.007428333,3.048333333,69,0.26,0.41,3.4,2.5,1.28,4.5,3.8
Cynoscion_phoxocephalus,-27.83,-25.7,60,10,0.00661,3.03,60,0.3,0.57,2.9,2.2,1.94,3.8,6.6
Cynoscion_reticulatus,-28.41,-37.14,60,10,0.00661,3.01,90,0.2,0.38,4.5,3.1,1.3,3.9,5.1
Cynoscion_squamipinnis,-35.16,-34.35,30,1,0.00832,3.08,64,0.28,0.53,3.1,2.3,1.8,3.9,6
Cynoscion_stolzmanni,-27.86,-29.6,30,1,0.007428333,3.048333333,115,0.32,0.46,3.1,1.9,1.38,4.1,3.5
Cynoscion_xanthulus,-15.69,-20.59,50,1,0.00708,3.07,129,0.15,0.21,6.3,4,0.64,4.1,2
Cypselurus_angusticeps,-18.72,-22.08,20,0,0.00417,3.12,24,1.1,1.73,0.7,0.7,5.42,4,23.7
Cypselurus_callopterus,-32.67,-29.63,5,0,0.00417,3.12,30,1.08,1.73,0.7,0.7,5.42,4,20.7
Decapterus_macarellus,-25.35,-19.02,400,0,0.01413,2.99,46,1.81,2.53,0.5,0.4,7.6,4,8.6
Decapterus_macrosoma,-34.71,-35.22,214,20,0.01072,2.96,35,0.61,1.22,1.3,1.2,4.34,3.4,10.2
Decapterus_muroadsi,-30.38,-28.62,320,1,0.012425,2.975,50,0.35,1.875,2.4,1.9,5.97,3.4,6.9
Decodon_melasma,-29.68,-31.38,160,40,0.00977,3.05,32.3,0.26,0.59,3.1,2.7,2.4,3.6,19.9
Dermatolepis_dermatolepis,-35.77,-32.35,40,5,0.00879533,3.048517588,100,0.11,0.2,8.3,5.6,0.68,4.5,3
Diapterus_aureolus,-35.17,-34.11,30,0,0.01202,2.96,20,0.93,0.9,1.2,0.9,3.06,3.7,13.5
Diapterus_brevirostris,-33.52,-30.21,30,0,0.01259,2.99,38,0.48,0.9,1.7,1.5,3.06,3,13.8
Diodon_eydouxii,-20.33,-15.09,10,0,0.0309,2.89,30,0.52,1.05,1.5,1.4,4.3,3.7,10
Diodon_holocanthus,-38.26,-32.88,100,1,0.04467,2.87,50,0.52,0.68,1.5,1.4,4.3,3.9,8.2
Diodon_hystrix,-29.58,-31.99,135,3,0.06607,2.84,91,0.52,0.31,1.5,1.4,4.3,3.7,2.9
Diplectrum_eumelum,-30.93,-31.8,100,15,0.01023,3.11,31,0.33,0.71,2.4,2.2,2.76,3.5,8.4
Diplectrum_euryplectrum,-32.2,-33.48,150,15,0.00955,3.07,20,0.5,1.08,2.1,1.5,4.2,3.7,25.2
Diplectrum_labarum,-23.81,-32.69,160,14,0.00832,3.02,26,0.39,0.84,2,1.9,3.26,3.7,21.5
Diplectrum_macropoma,-38.08,-33.92,134,9,0.00933,3.09,28.8,0.55,1.19,1.9,1.4,4.62,3.5,12.8
Diplectrum_maximum,-32.73,-31.79,130,1,0.01047,3.12,39.5,0.28,0.6,2.9,2.5,2.32,3.8,7.4
Diplectrum_pacificum,-38.66,-33.87,90,1,0.01,3.15,34,0.3,0.65,2.7,2.4,2.52,4,7.6
Diplectrum_rostrum,-30.58,-32.45,80,10,0.00977,3.08,21,0.47,1.02,2.2,1.6,3.96,3.7,24.7
Diplectrum_sciurus,-7.36,-3.74,100,25,0.00468,3.14,17,0.58,1.04,1.9,1.4,3.54,3.6,19.2
Dormitator_latifrons,-37.46,-34.26,2,0,0.00955,3.09,61,0.57,1.11,1.4,1.2,3.94,2,24
Dorosoma_petenense,-4.2,-4.27,15,0,0.00741,3.01,33,0.37,0.65,2.2,2,2.12,2.8,6.3
Doryrhamphus_excisus,-4.2,-4.27,50,2,0.00076,3.14,7,2.38,4.45,0.5,0.4,15.16,3.5,32.7
Echidna_nebulosa,-23.69,-19.97,48,1,0.00112,3.06,100,0.13,0.27,7.1,4.7,1,4,4.6
Echidna_nocturna,-35.3,-31.64,30,0,0.00112,3.06,71,0.18,0.37,4.9,3.6,1.38,3.9,5.6
Echiophis_brunneus,-28.95,-36.76,10,1,0.00151,2.91,140,0.17,0.3,5.6,3.5,0.98,4,8.2
Elattarchus_archidium,-37.47,-33.96,38,2,0.00832,3.09,25,0.67,1.27,1.2,1.1,4.32,3.5,23.2
Eleotris_picta,-35.16,-34.3,5,0,0.01047,3.07,53,0.18,1.52,4.6,3.8,5.64,3.9,31.2
Enchelycore_octaviana,-29.97,-22.1,40,2,0.00112,3.06,93,0.14,0.29,6.5,4.4,1.08,4.5,4.8
Engraulis_mordax,-9.79,-5.84,310,0,0.00525,3.09,24.8,0.41,0.79,2.6,1.9,2.8,3.1,10
Engyophrys_sanctilaurentii,-37.33,-32.43,232,46,0.01,3.02,20,0.31,0.76,3.4,2.5,3.38,3.6,26.5
Enneanectes_carminalis,-21.53,-31.43,5,1,0.00759,3.13,3.8,2.61,5.83,0.5,0.4,22.64,2.8,124.8
Enneanectes_exsul,-0.99,3.973,5,0,0.0055,3.07,3.2,2.05,4.765,0.7,0.5,18.5,2.7,79.6
Enneanectes_glendae,-0.972,-0.83,12,1,0.0055,3.07,3.1,2.14,4.765,0.6,0.5,18.5,2.8,82.5
Enneanectes_macrops,-0.972,-0.853,15,1,0.0055,3.07,5,1.56,4.765,0.8,0.6,18.5,2.6,67.3
Enneanectes_reticulatus,-6.65,-3.65,5,0,0.00631,3.05,4.9,1.66,3.7,0.7,0.6,14.36,2.8,96.6
Entomacrodus_chiostictus,-31.32,-23.15,2,0,0.00741,3,8,0.89,2,1.3,1,4.81,2,54.5
Epinephelus_analogus,-39.2,-34.19,107,1,0.014306667,3.046666667,114,0.1,0.18,9.3,6,0.62,3.8,2.8
Epinephelus_cifuentesi,-26.53,-34.94,135,40,0.014306667,3.046666667,100,0.3,0.48,3.1,2,1.5,4,8.7
Epinephelus_clippertonensis,-14.59,-6.51,100,1,0.01122,3.04,61,0.18,0.38,4.8,3.6,1.52,3.9,13.5
Epinephelus_labriformis,-37.19,-32.12,30,1,0.01585,3.05,60,0.24,0.47,3.4,3,1.68,4,5.1
Epinephelus_quinquefasciatus,-32.48,-30.39,100,1,0.01122,3.04,250,0.05,0.11,20.3,10.9,0.42,4.2,5.8
Erotelis_armiger,-24.98,-32.79,5,0,0.0049,3.14,12.5,0.45,1.2425,3.5,2.9,4.3175,3.4,161.6
Etropus_ciadi,-3.26,-2.69,40,8,0.01,3.04,9.3,0.92,0.92,1.2,0.9,3.28,3.4,42.1
Etropus_crossotus,-32.96,-24.36,65,0,0.00708,3.14,20,0.46,0.92,2.3,1.7,3.28,3.5,9
Etropus_peruvianus,-36.93,-33.37,46,0,0.00776,3.15,10,0.72,0.92,2.2,1.8,3.28,3.4,161.1
Etrumeus_acuminatus,-39.84,-36.11,200,0,0.00457,3.11,30,0.85,1.14,1.2,0.9,3.28,3.5,12
Eucinostomus_currani,-33.48,-32.71,60,10,0.01259,3.01,21,0.82,1.69,1.3,0.9,6.28,3.3,26.6
Eucinostomus_dowii,-33.07,-24.34,30,0,0.01202,3.18,20,0.86,1.62,1.2,0.9,5.52,3.2,19.1
Eucinostomus_entomelas,-34.27,-33.45,100,0,0.01047,3.07,24,0.79,1.53,1.4,1,5.266666667,3.3,24.2
Eucinostomus_gracilis,-35.57,-33.54,50,1,0.01072,3.15,21,0.82,1.28,1.3,0.9,4,3.1,6.1
Eugerres_axillaris,-26.13,-32.03,30,0,0.0182,2.94,25,0.75,1.3425,1.4,1,4.98798913,3.4,38.8
Eugerres_brevimanus,-10.47,-20.38,30,0,0.01549,3,28,0.52,1.476509434,1.5,1.4,4.893112606,3.4,21.6
Eugerres_lineatus,-28.67,-20.59,30,0,0.02138,2.98,26,0.79,1.476509434,1.4,1,4.893112606,3.4,10.6
Euleptorhamphus_viridis,-28.95,-22.33,5,0,0.00102,3.06,53,0.48,0.69,1.8,1.4,2.06,3.4,4.4
Euthynnus_affinis,-5.88,3.23,200,0,0.00955,3.04,100,0.45,0.68,2.2,1.4,2.04,4.5,9.7
Euthynnus_lineatus,-33.02,-30.73,40,0,0.00977,3.05,84,0.31,0.68,2.9,2,2.04,3.8,4.2
Evermannia_longipinnis,-3.68,-0.28,3,0,0.01,3.04,3.8,0.82,1.282700227,1.9,1.6,4.996076389,3.3,161.6
Evermannia_zosterura,-28.36,-27.39,5,0,0.00589,3.12,5,0.82,1.282700227,1.9,1.6,4.996076389,3.3,161.6
Evorthodus_minutus,-29.96,-28.53,5,0,0.0049,3.09,3.6,0.45,1.282700227,2.870304064,3.5,2.9,3.4,161.6
Exocoetus_monocirrhus,-28.38,1.6,20,0,0.00417,3.12,23,1.3,1.44,0.8,0.6,4.14,3.1,12
Exocoetus_volitans,-30.09,-15.28,20,0,0.00417,3.12,30,1.08,1.44,0.7,0.7,4.14,3,6.2
Fodiator_rostratus,-31.78,-22.63,5,0,0.00417,3.12,25,1.37,1.648333333,0.8,0.6,6.044,3.4,27.3
Forcipiger_flavissimus,-24.95,-24.51,145,2,0.008864135,3.035444363,23.2,0.84,1.55,1.3,0.9,5.28,3.1,11.4
Fundulus_parvipinnis,-9.29,-6.97,1,0.3,0.00676,3.2,13.3,0.93,1.7,1.2,0.9,5.78,3.3,21.2
Gempylus_serpens,-35.97,-28.9,600,0,0.008331865,3.036536957,100,0.16,1.120299862,5.7,3.8,3.553326344,4.4,3.1
Genyatremus_dovii,-28.06,-27.03,40,10,0.01862,2.97,45,0.25,0.53,3.3,2.7,2.06,3.6,16.3
Genyatremus_pacifici,-20.53,-19.24,35,3,0.01862,2.97,35,0.31,0.66,2.6,2.3,2.46,3.5,18.9
Gerres_simillimus,-32.86,-32.67,30,0,0.011079867,3.046466667,41,0.44,0.82,1.9,1.6,2.8,3.4,6.2
Gillichthys_detrusus,-0.14,-0.22,5,0,0.01,3.04,13.5,0.33,1.93,4.8,3.9,5.8,3.5,161.6
Gillichthys_mirabilis,-8.85,-6.77,5,0,0.01096,3.11,21,1.42,1.93,0.8,0.6,5.8,3.2,6
Gillichthys_seta,-3.74,-3.53,2,0,0.01,3.04,6,0.33,1.93,4.8,3.9,5.8,3.5,106.3
Girella_nigricans,-13.65,-6.26,30,2,0.01585,3.03,66,0.27,0.43,3.3,2.5,1.45,2,9.7
Girella_simplicidens,-8.92,-4.75,15,1,0.01585,3.03,46,0.23,0.41,3.6,3,1.4,2.8,16.3
Gnathanodon_speciosus,-24.98,-32.68,80,0,0.01413,2.95,120,0.51,1.206938018,1.8,1.3,2.8,3.8,5.6
Gnathophis_cinctus,-31.86,-26.41,370,9,0.00066,3.16,42,0.33,0.66,2.5,2.1,2.34,4.2,7.7
Gobiesox_adustus,-31.13,-32.5,10,0,0.0055,3.11,4.7,0.52,1.59,2.4,1.9,11.28,2.9,100.1
Gobiesox_canidens,-0.12,-0.04,10,0,0.0055,3.11,4.9,0.29,1.363333333,5.4,4.4,6.813333333,3.3,161.6
Gobiesox_marijeanae,-0.3,-0.16,10,0,0.0055,3.11,7,0.36,1.363333333,3.5,2.7,6.813333333,3.2,58.4
Gobiesox_papillifer,-23.33,-34.11,5,0,0.0055,3.11,8,0.42,1.07,2.9,2.2,4.76,3.2,37.3
Gobiesox_pinniger,-8.52,-3.81,5,0,0.0055,3.11,13,0.2,1.363333333,5.6,4.1,6.813333333,3.3,26.1
Gobiesox_schultzi,-7.23,-5.12,5,0,0.0055,3.11,7.8,0.29,1.43,2.940533767,5.4,4.4,3.3,106.3
Gobiomorus_maculatus,-31.35,-29.68,5,0,0.0049,3.14,35,0.28,1.341818182,2.8,2.6,4.012494211,3.5,26.4
Gobionellus_microdon,-29.95,-30.13,5,0,0.00724,3.05,15.6,0.36,1.282700227,3,2.2,4.996076389,3.4,40.5
Gobiosoma_chiquita,-9.48,-8.29,10,0,0.00589,3.12,7.5,0.97,1.93,1.2,1,6.86,3.3,34.3
Gobiosoma_nudum,-27,-29.06,10,0,0.00589,3.12,4.5,1.36,3.26,0.9,0.7,15.22,3.2,64.8
Gobiosoma_paradoxum,-29.1,-28.61,5,0,0.00589,3.12,4.7,1.52,3.65,0.8,0.7,15.52,3.2,70.2
Gobulus_crescentalis,-28.34,-35.4338,25,1,0.00589,3.12,6,1.04,2.07,1.2,0.9,7.36,3.2,35.9
Gobulus_hancocki,-25.35,-33.24,20,1,0.00589,3.12,5.5,0.94,2.07,1.3,1,7.36,3.3,57.8
Gorgasia_punctata,-20.44,-34.32,30,5,0.00102,3.06,52,0.28,0.56,3,2.4,2,3.4,15.3
Grammonus_diagrammus,-30.28,-26.8446,20,5,0.00389,3.12,20.3,0.46,0.84,2.3,1.7,2.86,3.5,7.9
Gymneleotris_seminuda,-31.75,-30.94,25,0,0.00589,3.12,5,1.24,2.97,1,0.8,13.22,3.2,61
Gymnomuraena_zebra,-27.68,-21.48,50,3,0.00112,3.06,150,0.09,0.19,10.7,6.5,0.7,3.4,3.6
Gymnothorax_castaneus,-32.6,-32.55,36,3,0.00095,3.1,150,0.09,0.19,10.7,6.5,0.7,4,3.6
Gymnothorax_dovii,-36.48,-32.79,70,1,0.00095,3.1,170,0.08,0.16,12.2,7.2,0.56,4.3,7.3
Gymnothorax_equatorialis,-36.84,-33.47,125,5,0.00095,3.1,75,0.17,0.35,5.2,3.7,1.3,4,12
Gymnothorax_eurygnathos,-12.76,-19.85,406,30,0.00095,3.1,46.9,0.26,0.37,3.2,2.6,1.1,3.9,6.3
Gymnothorax_flavimarginatus,-23.73,-19.65,150,1,0.00087,3.12,240,0.06,0.12,16.8,9.1,0.42,4.2,2.7
Gymnothorax_mordax,-9.02,-7.041,40,1,0.00095,3.1,152,0.1,0.17,9.6,5.8,0.56,4.5,2.3
Gymnothorax_panamensis,-30.41,-28.6146,107,1,0.00095,3.1,75,0.17,0.35,5.2,3.7,1.3,4,7.7
Gymnothorax_phalarus,-8.12,-7.73,339,23,0.00095,3.1,92.7,0.14,0.29,6.5,4.4,1.08,4.1,10.5
Gymnothorax_pictus,-19.48,-20.79,100,5,0.000941111,3.102222222,140,0.1,0.2,9.5,5.9,0.72,4.2,3.7
Gymnothorax_verrilli,-17.22,-30.2555,10,0,0.00095,3.1,45,0.29,0.6,2.9,2.4,2.22,3.9,16.7
Haemulon_californiensis,-8.5,-3.75,11,1,0.01514,2.98,30,0.36,0.64,2.2,2,2.08,3.5,13.6
Haemulon_flaviguttatum,-28.41,-35.48,30,1,0.016704,3.012,42,0.11,0.3,7.5,6.2,1.54,4.2,6.9
Haemulon_maculicauda,-31.32,-23.62,33,1,0.01349,3.03,30,0.12,0.4825,6.5,6,2.28,4.2,9.7
Haemulon_scudderii,-33.72,-33.8,40,3,0.01479,3.03,35,0.31,0.66,2.6,2.3,2.46,4.2,8.6
Haemulon_sexfasciatum,-32.61,-32.62,30,1,0.0263,3,71,0.13,0.33,6.5,5.1,1.54,4.2,6.2
Haemulon_steindachneri,-37.81,-33.26,75,0,0.0138,3.02,30,0.3,0.4825,2.6,2.4,2.98,3.7,9.7
Haemulopsis_axillaris,-37.74,-32.72,50,0,0.01259,2.97,30,0.36,0.77,2.2,2,2.98,3.4,19.2
Haemulopsis_elongatus,-22.22,-32.6,66,0,0.0182,2.96,30,0.36,0.77,2.2,2,2.98,3.4,18.1
Haemulopsis_leuciscus,-37.77,-32.72,60,0,0.015546667,2.97,41,0.27,0.57,3.1,2.6,2.12,3.2,26.6
Haemulopsis_nitidus,-35.43,-33.9,50,0,0.01585,2.98,30,0.36,0.77,2.2,2,2.98,3.4,19
Halichoeres_adustus,-21.48,-18.13,5,0,0.01,3.08,12.5,0.64,1.45,1.7,1.3,5.88,3.4,35.2
Halichoeres_aestuaricola,-33.42,-32.31,5,0,0.00977,3.08,22,0.38,0.86,2.7,2,3.5,3.5,25
Halichoeres_chierchiae,-33.26,-32.8,70,1,0.01,3.08,20,0.47,1.06,2.3,1.7,4.3,3.5,13
Halichoeres_dispilus,-40.68,-35.13,76,2,0.0038,3.11,25,0.34,0.77,2.3,2.2,3.12,3.9,10.5
Halichoeres_insularis,-10.74,-3.5946,10,7,0.0038,3.11,7,1.09,2.49,1.1,0.8,10.12,3.3,49.9
Halichoeres_melanotis,-30.86,-23.12,40,5,0.00977,3.08,15,0.61,1.39,1.8,1.3,5.64,3.5,15.6
Halichoeres_nicholsi,-33.53,-32.71,82,0,0.01,3.08,38,0.23,0.52,3.6,3,2.12,4,8.2
Halichoeres_notospilus,-38.29,-32.88,10,0,0.00977,3.08,27.3,0.33,0.75,2.3,2.3,3.04,3.5,10.4
Halichoeres_semicinctus,-8.88,-6.84,24,0,0.00977,3.08,38,0.29,0.51,2.9,2.5,1.66,3.3,5.4
Harengula_thrissina,-32.53,-26.52,50,0,0.00955,3.05,18.4,0.83,1.61,1.3,0.9,5.72,3.1,12.7
Hemanthias_peruanus,-38.05,-33.53,120,20,0.00955,2.97,45,0.23,0.5,3.6,3,1.94,3.4,7.4
Hemanthias_signifer,-34.63,-31.77,306,23,0.00955,2.97,42,0.25,0.45,3.3,2.8,1.54,3.7,11.2
Hemicaranx_leucurus,-36.22,-33.5,30,0,0.00871,2.86,30,0.62,1.15,1.3,1.2,3.92,3.7,22.1
Hemiramphus_saltator,-35.29,-34.48,5,0,0.0024,3.15,55,0.53,0.76,1.6,1.3,2.28,4,4.7
Herpetoichthys_fossatus,-33.03,-30.37,40,1,0.00151,2.91,55,0.4,0.6,2.1,1.7,1.8,3.8,9.5
Heteroconger_canabus,-2.39,-0.81,20,3,0.00102,3.06,80,0.18,0.36,5,3.5,1.28,3.4,5.2
Heteroconger_digueti,-11.26,-11.33,25,2,0.00102,3.06,63,0.23,0.31,3.8,2.8,0.94,3.4,2.4
Heteroconger_pellegrini,-17.14,-28.53,30,5,0.00102,3.06,63,0.23,0.46,3.8,2.8,1.64,3.4,13.3
Heteropriacanthus_cruentatus,-30.44,-28.699,300,3,0.01738,2.9,51,0.46,0.67,1.9,1.5,2,3.6,4.2
Hippocampus_ingens,-34.86,-33.05,60,0,0.00427,3,30,2.03,2.31,0.4,0.4,6.65,3.3,6.2
Hippoglossina_bollmani,-36.83,-32.85,121,66,0.00776,3.15,10,0.54,1.14,2,1.4,4.24,3.8,26.5
Hippoglossina_stomata,-9.47,-7.84,137,30,0.00891,3.09,40,0.18,0.905,4.4,4,1.38,4,12.4
Hippoglossina_tetrophthalma,-37.98,-33.38,140,0,0.00776,3.15,36,0.32,0.67,2.5,2.2,2.48,3.6,8.5
Hirundichthys_marginatus,-29.98,-28.5,5,0,0.00417,3.12,21,1.25,1.44,0.8,0.6,4.14,3,11.7
Hirundichthys_rondeletii,-36.94,-33.47,20,0,0.00417,3.12,32,1.08,1.44,0.7,0.7,4.14,3,13.6
Hirundichthys_speculiger,-19.48,-20.79,10400,80,0.00417,3.12,25.1,1.06,1.44,0.7,0.7,4.14,3,10.5
Holacanthus_clarionensis,-18.69,-9.044,30,0,0.0302,2.89,20,0.46,1.01,2.3,1.7,3.92,2.6,12
Holacanthus_passer,-36.68,-33.62,80,1,0.03162,2.93,35.6,0.27,0.59,3,2.6,2.3,2.6,22.2
Hoplopagrus_guentherii,-32.75,-24.05,100,0,0.014495,2.97,92,0.17,0.33,5.3,3.6,1.18,3.8,4.8
Hoplunnis_pacifica,-32.42,-30.32,275,40,0.00081,3.02,125,0.19,0.34,5,3.1,1.1,3.5,8.8
Hyporhamphus_gilli,-33.58,-31.1,5,0,0.01,3.04,21,1.15,2.23,0.9,0.7,6.68,3,29.2
Hyporhamphus_naos,-30.26,-22.73,30,0,0.0024,3.15,31,0.87,2.23,0.9,0.9,6.68,3,24.4
Hyporhamphus_rosae,-15.55,-22.32,5,0,0.01,3.04,20,1.55,2.23,0.7,0.5,6.68,3,20.7
Hyporhamphus_snyderi,-19.64,-14.59,5,0,0.0024,3.15,19,1.29,2.23,0.8,0.6,6.68,3,31.5
Hyporthodus_acanthistius,-36.84,-33.47,111,12,0.01072,3.04,130,0.11,0.2,8.3,5.6,0.68,3.9,6.2
Hyporthodus_exsul,-14.29,-24.79,450,35,0.0138,3.04,125,0.09,0.19,10.4,6.6,0.7,4,8.8
Hyporthodus_niphobles,-37.96,-32.57,450,1,0.01226,3.04,121,0.18,0.195,4.7,3.8,0.69,3.8,16
Hypsoblennius_brevipinnis,-32.63,-30,10,1,0.00741,3,12,0.58,1.36,1.9,1.4,5.78,2,40.9
Hypsoblennius_gentilis,-9.13,-7.12,25,0,0.00851,3.01,15,0.43,0.86,2.6,1.9,3.06,2.7,31.7
Hypsoblennius_jenkinsi,-9.37,-7.35,21,1,0.01,3.04,13,0.51,1.01,2.2,1.6,3.6,2.7,10.3
Hypsoblennius_proteus,-0.3,-0.05,5,0,0.00741,3,2.6,1.94,1.076666667,0.7,0.6,4.146666667,2.9,89.3
Hypsypops_rubicundus,-13.11,-6.43,30,0,0.02138,2.99,30,0.15,0.953333333,5.4,5,1.28,3.2,6.2
Ichthyapus_selachops,-29.2,-22.26,30,1,0.00151,2.91,54,0.4,0.72,2.1,1.7,2.46,3.8,14.6
Ilisha_fuerthii,-19.69,-14.75,50,0,0.00891,3.04,33,0.46,0.9,1.7,1.6,3.2,3.5,8.9
Ilypnus_gilberti,-7.52,-5.12,7,0,0.01,3.04,6.4,0.98,1.95,1.2,0.9,7.24,3.2,34.6
Ilypnus_luculentus,-8.41,-4.39,3,0,0.01,3.04,5.3,0.98,1.95,1.6,1.3,7.24,3.2,161.6
Iniistius_pavo,-31.36,-26.22,100,1,0.01122,3.04,42,0.21,0.48,3.9,3.3,1.94,3.5,8.1
Isopisthus_remifer,-36.84,-33.47,60,10,0.00724,3.06,36,0.48,0.91,1.7,1.5,3.1,4.2,8.8
Johnrandallia_nigrirostris,-37.18,-32.14,40,6,0.02754,3.09,20,0.92,1.7,1.2,0.8,5.78,3,30.8
Kathetostoma_averruncus,-35.86,-34.32,384,13,0.01549,3.1,32,0.32,0.43,3.2,2.2,1.3,4.3,2.3
Katsuwonus_pelamis,-32.58,-36.9857,260,0,0.01096,3.11,110,0.64,0.8,1.7,1,2.3,4.4,32.57
Kyphosus_azurea,-10.15,-8.3,15,0,0.01778,3.01,45,0.24,0.43,3.5,2.8,1.4,2,12.1
Kyphosus_elegans,-33.53,-32.71,40,1,0.01778,3.01,53,0.21,0.45,4.1,3.2,1.74,2.9,22.8
Kyphosus_ocyurus,-29.84,-29.09,30,1,0.01778,3.01,70,0.19,1.4,4.5,3.5,1.48,3.5,21.4
Kyphosus_sectatrix,-8.12,-15.88,30,1,0.0168675,3.0075,76,0.15,0.27,5.9,4.2,0.92,2,7.4
Kyphosus_vaigiensis,-38.24,-32.87,40,0,0.01413,3,70,0.16,0.34,5.5,4,1.32,2,11.9
Lagocephalus_lagocephalus,-33.89,-36.82,475,3,0.01349,3.03,61,1.68,3.23,0.7,0.5,11,3.1,34.5
Larimus_acclivis,-35.9,-32.25,30,1,0.00832,3.09,26,0.65,1.23,1.2,1.1,4.18,3.1,10.3
Larimus_argenteus,-35.9,-32.25,50,1,0.00832,3.09,35,0.49,0.93,1.7,1.4,3.16,3.1,8.6
Larimus_effulgens,-31.42,-30.46,25,1,0.00832,3.09,30,0.57,1.08,1.4,1.3,3.68,3.1,9.4
Larimus_pacificus,-38.06,-33.28,50,29,0.01995,3.01,32,0.53,1.01,1.5,1.4,3.44,4.5,9.1
Lepidocybium_flavobrunneum,-9.78,-5.83,1100,200,0.01202,2.99,200,0.08,1.120299862,12.4,7,3.553326344,4.3,1.2
Lepophidium_microlepis,-6.28,-2.58,307,73,0.00224,3.14,41.5,0.32,0.54,2.6,2.2,1.76,3.7,13.7
Lepophidium_negropinna,-38.6,-34.08,390,40,0.00275,3.16,54,0.22,0.54,3.9,3,1.76,3.9,14.8
Lepophidium_pardale,-37.35,-32.43,250,6,0.0024,3.2,25.5,0.44,0.54,1.7,1.7,1.76,3.7,27
Lepophidium_prorates,-36.84,-33.39,90,4,0.0024,3.12,31,0.37,0.54,2.1,2,1.76,3.7,26
Lepophidium_stigmatistium,-6.11,-1.681,238,20,0.00102,3.06,25.5,0.44,0.54,1.8,1.7,1.76,3.7,15.4
Leptenchelys_vermiformis,-10.58,-21.32,85,20,0.00151,2.91,12,1.4,1.239812927,0.8,0.6,4.093295754,3.5,37.1
Letharchus_rosenblatti,-10.69,-4.18,20,0,0.00151,2.91,35,0.6,1.08,1.4,1.2,3.52,3.7,18.9
Leuresthes_sardina,-5.15,-2.86,5,0,0.0055,3.04,25,0.56,0.93,1.4,1.3,2.9,2.9,15.2
Lile_gracilis,-6.18,-17.07,10,0,0.00955,3.05,11.5,1.49,2.18,0.8,0.6,6.82,3.1,45.9
Lile_nigrofasciata,-7.32,-5.49,10,0,0.00437,3.1,13,1.32,2.18,0.9,0.7,6.82,3.1,27.3
Lile_stolifera,-33.58,-34.18,50,0,0.00891,3.03,13,1.34,2.18,0.6,0.6,6.82,3.5,10.6
Liopropoma_fasciatum,-29.53,-30.58,250,24,0.01122,3.04,26.5,0.46,1.227510223,2.3,1.7,3.991233613,3.6,28.4
Liopropoma_longilepis,-24.96,-21.06,250,120,0.01,3.04,26,0.68,1.227510223,2.3,1.9,3.991233613,3.5,64.6
Lobotes_pacificus,-36.84,-33.47,50,0,0.02089,3.01,110,0.48,0.71,1.9,1.3,2.14,3.7,10.1
Lophiodes_caulinaris,-38.28,-32.88,380,15,0.01738,3,40,0.27,0.39,3,2.6,1.18,4.5,2.6
Lophiodes_spilurus,-33.5,-33.9,475,80,0.02239,3.07,34.5,0.35,0.75,2.3,2.1,2.92,4,7.2
Lutjanus_aratus,-32.56,-23.14,60,0,0.014329167,2.97,100,0.16,0.31,5.7,3.8,1.1,4.1,4.6
Lutjanus_argentiventris,-38.29,-32.88,94,3,0.01549,2.97,71,0.15,0.28,5.8,4.3,0.96,4,3.6
Lutjanus_colorado,-25.31,-33.31,70,1,0.014329167,2.97,91,0.17,0.28,5.3,3.7,0.88,3.1,3.2
Lutjanus_guttatus,-36.91,-33.85,120,0,0.01047,2.92,80,0.19,0.4775,4.6,3.4,1.48,4,5.9
Lutjanus_inermis,-22.28,-34.34,40,0,0.01413,2.98,35,0.43,0.85,1.9,1.7,3.02,3.8,8.7
Lutjanus_jordani,-32.05,-32.9,200,0,0.01413,2.98,60,0.25,0.49,3.5,2.6,1.74,4.5,6.2
Lutjanus_novemfasciatus,-34.83,-33.19,60,0,0.01862,2.99,170,0.1,0.19,9.7,5.7,0.64,4.1,3
Lutjanus_peru,-35.44,-32.57,80,0,0.014495,2.97,95,0.26,0.47,3.5,2.4,1.6,4,5.1
Lutjanus_viridis,-26.43,-26.03,60,0,0.01413,2.98,30,0.48,0.95,1.7,1.5,3.38,4.2,9.4
Lythrypnus_dalli,-44.2213,-39.9235,76,0,0.00851,3.05,6.4,0.98,2.09,1.2,0.9,8.12,3.2,18.6
Lythrypnus_insularis,-0.65,3.72,18,3,0.00589,3.12,2.5,2.35,5.66,0.6,0.4,26.42,3.1,93.3
Lythrypnus_pulchellus,-11.5542,2.06,70,2,0.00955,3.09,4.5,1.36,3.26,0.9,0.7,15.22,3.3,62.5
Lythrypnus_zebra,-14.04,-2.55,97,0,0.00589,3.12,5.7,1.94,3.34,0.6,0.5,10.9,3.2,16.9
Makaira_nigricans,-31.96,-35.06,200,0,0.00427,3.11,500,0.33,0.36,3.8,1.6,1.04,4.5,1.8
Masturus_lanceolatus,-25.68,-20.89,670,0,0.02291,3.02,337,0.13,0.14,8.1,4.1,0.38,3.8,1.4
Medialuna_californiensis,-8.55,-7.5,40,0,0.01122,3.04,48,0.35,0.47,2.5,2,1.41,2.7,10.8
Melanorhinus_cyanellus,-26.42,-24.64,10,0,0.01122,3.04,10,1.3,2.6,0.9,0.7,9.66,3.2,40.2
Melichthys_niger,-26.66,-18.52,75,0,0.02344,2.95,50,0.23,0.4,3.7,2.9,1.3,2.4,15.5
Melichthys_vidua,-20.02,-20.64,60,4,0.02512,3.06,40,0.29,0.61,2.8,2.4,2.26,3.4,5.8
Membras_gilberti,-30.14,-30.97,10,0,0.00479,3.1,20,0.68,1.36,1.6,1.1,4.84,3.2,26.5
Menticirrhus_elongatus,-36.19,-31.95,70,1,0.00331,3.18,52,0.34,0.64,2.5,2,2.18,3.4,6.8
Menticirrhus_nasus,-36.55,-33.3,20,1,0.00331,3.18,50,0.35,0.66,2.4,1.9,2.24,3.4,6.9
Menticirrhus_paitensis,-19.9,-11.45,20,1,0.00331,3.18,40,0.43,0.82,1.9,1.6,2.92,3.4,7.9
Menticirrhus_panamensis,-35.25,-34.19,20,1,0.00331,3.18,75,0.24,0.45,3.7,2.7,1.54,3.4,5.4
Menticirrhus_undulatus,-10.78,-9.75,20,1,0.00331,3.18,83.6,0.38,0.62,2.4,1.8,1.94,3.3,5.3
Merluccius_angustimanus,-22.11,-34.06,523,80,0.00513,3.08,40,0.33,0.52,2.8,2.1,1.62,4,9.9
Merluccius_productus,-13.82,-6.43,1400,12,0.00603,3.05,91,0.13,0.22,6.9,4.8,0.72,4.4,1.85
Microgobius_brevispinis,-23.3,-33.99,36,0,0.00589,3.12,10,0.54,2.97,2.1,1.6,13.22,3.4,40.2
Microgobius_cyclolepis,-27.83,-37.32,35,1,0.00589,3.12,10,0.54,2.97,2.1,1.6,13.22,3.4,40.2
Microgobius_emblematicus,-28.5,-30.24,36,0,0.00589,3.12,10,0.54,2.97,2.1,1.6,13.22,3.4,40.2
Microgobius_erectus,-23.9,-32.63,54,3,0.00589,3.12,10,0.54,2.97,2.1,1.6,13.22,3.4,40.2
Microgobius_miraflorensis,-32.25,-31.55,36,0,0.00589,3.12,5,1.24,2.97,1,0.8,13.22,3.2,61
Microgobius_tabogensis,-28.51,-31.72,4,0,0.00589,3.12,10,0.54,2.97,2.1,1.6,13.22,3.4,40.2
Microlepidotus_brevipinnis,-31.63,-31.4,30,5,0.01622,3.03,40,0.27,0.58,3,2.6,2.26,3.5,17.5
Microlepidotus_inornatus,-10.72,-7.28,30,5,0.01122,2.94,45,0.25,0.44,3.3,2.7,1.44,3.6,4.7
Micropogonias_altipinnis,-36.33,-33.3,30,1,0.00832,3.09,90,0.2,0.38,4.5,3.1,1.3,3.7,4.9
Micropogonias_ectenes,-15.05,-15.64,33,1,0.00759,3.06,40,0.43,0.68,1.9,1.6,2.12,3.4,5.1
Micropogonias_megalops,-15.62,-20.87,30,1,0.00331,3.18,40,0.42,0.66,2.2,1.7,2.02,3.2,11.3
Microspathodon_bairdii,-31.14,-30.6,10,1,0.02138,2.99,31,0.24,1.072857143,3.2,3.1,3.798948928,2.5,26.3
Microspathodon_dorsalis,-34.51,-36.17,25,1,0.02138,2.99,31,0.2,1.072857143,3.9,3.6,3.798948928,2.1,23.1
Mola_mola,-33.01,-27.06,644,30,0.02291,3.02,368,0.13,0.13,8.1,4.1,0.38,3.7,1.1
Monolene_dubiosa,-17.48,-30.49,258,0,0.01,3.02,7,0.81,1.99,1.5,1.1,8.86,3.3,49
Mugil_cephalus,-41.2,-36.42,125,0,0.01175,2.97,135,0.23,0.41,3.7,2.9,1.34,2.5,12.28
Mugil_curema,-36.48,-32.45,30,1,0.01175,2.97,91,0.14,0.34,5.9,4.9,1.52,2,15.3
Mugil_hospes,-22.92,-34.48,10,0,0.0123,2.92,25,0.28,0.65,2.9,2.5,2.64,2.25,10.7
Mugil_setosus,-24.58,-16.86,10,0,0.01175,2.98,30,0.32,0.7,2.5,2.3,2.72,2.25,20.7
Mulloidichthys_dentatus,-38.16,-33.66,110,2,0.00955,3.1,40,0.42,0.71,1.9,1.7,2.32,3.7,6.1
Mulloidichthys_vanicolensis,-18.83,-32.3,113,1,0.00794,3.04,38,0.68,1.21,1.2,1,3.94,3.6,8.9
Muraena_argus,-36.96,-33.8,120,5,0.00112,3.06,120,0.11,0.23,8.5,5.4,0.86,4,9
Muraena_clepsydra,-25.21,-29.04,25,0,0.00112,3.06,120,0.11,0.23,8.5,5.4,0.86,4,9
Muraena_lentiginosa,-38.28,-32.83,25,5,0.00112,3.06,61,0.21,0.43,4.1,3.1,1.6,3.9,6.2
Mycteroperca_jordani,-12.6,-2.85,100,2,0.01096,3.04,198,0.06,0.11,16.5,9.3,0.38,4.5,2
Mycteroperca_prionura,-8.92,-8.19,90,8,0.01096,3.04,105,0.11,0.23,0.84,5.5,0.86,4.4,9.8
Mycteroperca_rosacea,-11.27,-11.38,100,1,0.01096,3.04,100,0.09,0.2,10.2,6.8,0.78,4.5,4.3
Mycteroperca_xenarcha,-38.16,-32.77,70,0,0.01096,3.04,150,0.08,0.14,12,7.3,0.46,4.5,2.4
Myrichthys_aspetocheiros,-16.47,-19.2,64,10,0.00151,2.91,51,0.43,0.77,2,1.6,2.62,3.5,15.1
Myrichthys_pantostigmius,-8.47,-1.75,20,1,0.00151,2.91,100,0.44,0.79,1.9,1.5,2.7,3.5,15.4
Myrichthys_tigrinus,-38.08,-33.92,60,0,0.00151,2.91,74,0.3,0.54,3,2.1,1.84,3.5,12
Myripristis_berndti,-23.36,-19.24,159,1,0.01445,3.06,31,0.65,1.19,1.2,1.1,4.06,3.7,7.6
Myripristis_clarionensis,-9.08,-1.6,50,5,0.01479,3.08,19,1.03,1.89,1,0.8,6.44,3.4,28
Myripristis_leiognathus,-39.4534,-34.294,33,1,0.01622,3.19,18,1.04,1.91,1,0.8,6.5,3.1,10.1
Myrophis_vafer,-37.58,-33.55,15,0,0.00078,3.06,47,0.46,0.69,1.8,1.5,2.16,4.2,10.4
Naucrates_ductor,-37.56,-30.6,300,0,0.01349,2.95,70,2.57,2.7,0.5,0.3,7.46,4,5.2
Nealotus_tripes,-25.14,-9.15,1646,914,0.00316,3.08,25,0.57,1.120299862,1.4,1.3,3.553326344,4.2,5.1
Nebris_occidentalis,-21.94,-18.81,30,1,0.00832,3.09,60,0.3,0.57,2.9,2.2,1.94,3.7,13.7
Neobythites_stelliferoides,-35,-31.45,310,90,0.00102,3.06,15,0.62,0.930869565,2.6,2.1,1.6,3.5,64.6
Neoopisthopterus_tropicus,-30.43,-29.1,10,0,0.00891,3.04,11,1.27,2.5,0.9,0.7,8.88,3.8,17.3
Nicholsina_denticulata,-38.28,-32.88,11,1,0.01047,3.07,32,0.51,0.98,1.6,1.4,3.48,2,22.7
Nomeus_gronovii,-29,-21.92,1000,200,0.01072,3.03,39,0.58,0.85,1.4,1.2,2.54,3.7,5.3
Notarius_kessleri,-21.04,-30.27,25,0,0.00437,3.13,45,0.22,0.48,3.8,3.1,1.86,3.9,16.3
Notarius_planiceps,-24.93,-32.66,60,0,0.00437,3.13,60,0.17,0.37,5.1,3.9,1.44,3.5,6.2
Notarius_troschelii,-29.62,-26.72,30,10,0.01047,2.99,70.6,0.2,0.42,4.4,3.2,1.56,4.5,6.1
Novaculichthys_taeniourus,-29.35,-21.58,25,3,0.01479,2.94,30,0.28,0.67,2.8,2.6,2.84,3.3,8.6
Occidentarius_platypogon,-28.21,-35.49,107,6,0.00437,3.13,50,0.2,0.44,4.2,3.3,1.7,3.7,6.9
Odontognathus_panamensis,-12.63,-17.5,10,0,0.00389,3.07,21,0.71,1.107471038,1.5,1.1,4.020100131,3.8,13.3
Odontoscion_xanthops,-26.52,-29.36,30,3,0.00832,3.09,30,0.55,1.05,1.4,1.3,3.74,3.7,9.4
Ogilbia_boydwalkeri,-5.55,-14.72,8,0,0.00447,3.1,7.1,1.15,1.22,1,0.8,4.04,3.2,54
Ogilbia_davidsmithi,-5.83,-4.61,30,0,0.00447,3.1,11,0.74,1.22,1.6,1.2,4.04,3.3,40.4
Ogilbia_nigromarginata,-6.86,-4.61,33,0,0.01,3.04,8.6,0.93,1.22,1.3,1,4.04,3.2,47.3
Ogilbia_nudiceps,-5.5,-2.43,30,0,0.01,3.04,8.3,0.97,1.22,1.3,1,4.04,3.2,59
Ogilbia_robertsoni,-12.798,-23.48,27,6,0.01,3.04,8,1,1.22,1.2,0.9,4.04,3.2,49.5
Ogilbia_sedorae,-17.22,-29.06,15,0,0.01,3.04,6.5,1.19,1.22,1,0.8,4.04,3.2,55.5
Ogilbia_ventralis,-8.52,-3.75,10,0,0.00447,3.1,9.2,0.92,1.22,1.3,0.9,4.04,3.2,46.6
Oligoplites_altus,-35.32,-34.57,30,0,0.009415,2.835,56,0.32,0.83,2.7,2.1,4.1,6.5,6.5
Oligoplites_refulgens,-36.76,-33.39,30,0,0.01175,2.9,25,0.67,0.83,1.2,1.1,3.35,4.2,4.2
Oligoplites_saurus_inornatus,-34.8,-33.29,50,0,0.00708,2.77,45,0.54,0.83,1.5,1.3,2.6,4.3,4.3
Ophichthus_apachus,-17.642,-29.27,8,0,0.00151,2.91,60,0.89,1.6,0.9,0.9,5.22,3.7,3.7
Ophichthus_frontalis,-31.77,-34,760,35,0.00151,2.91,86,0.26,0.47,3.5,2.4,1.6,4,4
Ophichthus_longipenis,-13.24,-23.71,69,0,0.00151,2.91,58.7,0.37,0.66,2.3,1.8,2.24,3.9,3.9
Ophichthus_mecopterus,-14.21,-24.38,79,24,0.00151,2.91,27.4,0.76,1.37,1,1,4.66,3.7,3.7
Ophichthus_triserialis,-38.86,-36.42,155,1,0.00219,2.86,121.5,0.19,0.28,5,3.2,0.84,3.8,3.8
Ophichthus_zophochir,-36.91,-33.85,110,1,0.001646,2.9,98,0.3,0.33,4,2.1,0.94,3.9,3.9
Ophidion_galeoides,-24.15,-32.28,75,1,0.00275,3.16,21.5,0.5,0.79,2.1,1.5,2.58,3.6,3.6
Ophidion_imitator,-16.57,-25.83,230,18,0.00275,3.16,20,0.55,0.79,1.9,1.4,2.58,3.6,3.6
Ophidion_iris,-9.28,-9.06,86,0,0.00102,3.06,26,0.43,0.79,1.8,1.7,2.58,3.7,3.7
Ophidion_scrippsae,-5.5,-4.3,110,0,0.00209,3.17,28,0.47,0.79,1.7,1.6,2.58,3.5,3.5
Ophioblennius_steindachneri,-36.98,-32.03,20,0,0.00955,2.99,18,0.33,1.051175771,3.2,2.4,4.81,2.7,2.7
Ophioscion_imiceps,-13.39,-20.45,60,10,0.00813,3.08,25,0.65,0.65,1.2,1.1,4.22,3.5,3.5
Ophioscion_scierus,-27.9,-27.24,20,1,0.00331,3.17,35,0.48,0.91,1.7,1.5,3.1,3.6,3.6
Ophioscion_strabo,-29.06,-36.24,20,1,0.00331,3.17,30,0.55,1.05,1.4,1.3,3.74,3.5,3.5
Ophioscion_typicus,-24.07,-31.65,20,1,0.00331,3.17,30,0.57,1.08,1.4,1.3,3.68,3.6,3.6
Ophioscion_vermicularis,-28.44,-31.862,20,1,0.00331,3.17,35.5,0.48,0.91,1.7,1.5,3.1,3.5,3.5
Opisthonema_bulleri,-32.57,-33.57,50,0,0.00955,3.05,20,0.77,1.49,1.4,1,5.3,3.2,3.2
Opisthonema_libertate,-36.82,-33.57,70,0,0.00832,3.02,30,0.57,0.86,1.6,1.3,2.7,2.9,2.9
Opisthonema_medirastre,-35.68,-33.22,50,0,0.00955,3.05,30,0.53,0.85,1.5,1.4,2.66,3.3,3.3
Opisthopterus_dovii,-30.71,-29.9,50,0,0.00724,2.99,23,0.73,1.43,1.4,1.1,5.08,4.2,4.2
Opisthopterus_equatorialis,-19.66,-13.96,10,0,0.00891,3.04,17.5,0.82,1.43,1.3,1,5.08,3.8,3.8
Orthopristis_chalceus,-38,-32.38,60,10,0.01148,2.95,45,0.25,0.53,3.3,2.7,2.06,3.5,3.5
Orthopristis_reddingi,-15.77,-19.94,30,5,0.01148,2.95,30,0.13,0.36,6.2,5.4,1.86,3.5,3.5
Otophidium_indefatigabile,-30.85,-33.07,91,5,0.00102,3.06,11.7,0.87,1.3,1,2.180823158,1.6,3.5,3.5
Oxyporhamphus_micropterus_micropterus,-27.5,-19.45,5,0,0.0024,3.15,22.5,0.99,1.91,1.1,0.98,6.8,3.1,3.1
Paraconger_californiensis,-30.2,-24.09,70,15,0.00107,3.07,60,0.24,0.48,3.6,2.7,1.7,4,4
Paraconger_similis,-21.65,-17.24,150,49,0.00107,3.07,55,0.45,0.75,1.8,1.6,2.44,3.8,3.8
Paralabrax_clathratus,-7.52,-5.12,61,1,0.00813,3.03,72,0.1,0.19,8.7,6.5,0.64,3.9,3.9
Paralabrax_loro,-38.25,-32.93,70,1,0.01047,3.07,60,0.27,0.58,3,2.6,2.26,4,4
Paralabrax_maculatofasciatus,-9.49,-11.09,61,1,0.01585,3.08,68,0.3,2.175,2.6,2.4,1.9,4.2,4.2
Paraletharchus_opercularis,-20.12,-21.31,10,0,0.00151,2.91,64.3,0.34,0.61,2.6,1.9,2,3.8,3.8
Paraletharchus_pacificus,-21.88,-31.06,35,0,0.00151,2.91,81,0.28,0.5,3.2,2.3,1.64,3.9,3.9
Paralichthys_aestuarius,-12.68,-10.18,45,0,0.00708,3.16,58.3,0.17,0.235,5.1,3.9,0.88,4.1,4.1
Paralichthys_californicus,-28.35,-39.78,183,1,0.00692,3.13,152,0.08,0.15,11.8,7.4,0.52,4.5,4.5
Paralichthys_woolmani,-40.82,-35.98,91,1,0.00708,3.16,80,0.15,0.32,6,4.2,1.24,4.5,4.5
Paralonchurus_goodei,-27.75,-31.11,30,1,0.00331,3.17,35,0.48,0.91,1.7,1.5,3.1,3.3,3.3
Paralonchurus_rathbuni,-29.05,-28.3,30,1,0.00331,3.17,30,0.57,1.08,1.4,1.3,3.68,3.3,9.4
Parapsettus_panamensis,-36.99,-32.37,20,3,0.02138,2.96,40,0.48,0.95,1.7,1.5,3.38,3.5,3.5
Pareques_fuscovittatus,-4.812,-6.643,100,70,0.00331,3.18,20,0.82,1.56,1.3,0.9,5.32,3.4,3.4
Parexocoetus_brachypterus_brachypterus,-19.07,-18.94,20,0,0.00417,3.12,20,2.4,3.65,0.4,0.3,10.96,3.4,3.4
Parrella_ginsburgi,-22.67,-34.86,10,1,0.01,3.04,8,0.67,2.57,1.8,1.3,11.22,3.3,3.3
Parrella_lucretiae,-8.27,-14.8,10,1,0.00589,3.12,7,0.91,2.17,1.3,1,9.22,3.3,3.3
Parrella_maxillaris,-18.65,-31.6,30,8,0.00589,3.12,5,1.24,2.97,1,0.8,13.22,3.2,3.2
Perissias_taeniopterus,-32.82,-32.71,157,46,0.01,3.02,15,0.53,1.3,2.1,1.6,5.78,3.4,3.4
Petrotyx_hopkinsi,-31.02,-23.86,10,3,0.00102,3.06,22.6,0.64,1.3,1.6,1.2,4.62,3.5,3.5
Phaenomonas_pinnata,-28.71,-21.17,50,1,0.00151,2.91,53.5,0.41,0.73,2.1,1.6,2.38,3.8,3.8
Pherallodiscus_funebris,-7.55,-3.95,5,0,0.0055,3.11,12.4,0.43,1.0171824,3.7,3,7.651666667,3.2,3.2
Pherallodiscus_varius,-0.02,0.44,5,0,0.0055,3.11,2.3,0.43,0.95,3.7,3,7.692040757,3.2,3.2
Physiculus_nematopus,-37.76,-34.04,1272,18,0.0038,3.12,29,0.22,0.55,3.5,3.3,2.44,3.4,10.3
Physiculus_talarae,-14.83,-1.17,330,0,0.0038,3.12,25,0.24,0.6,3.2,3.1,2.68,3.4,23.7
Pisodonophis_daspilotus,-15.34,-20.98,10,0,0.00151,2.91,68,0.33,0.59,2.7,2,2,3.7,12.7
Plagiotremus_azaleus,-34.95,-34.71,25,2,0.0055,3.05,10.2,0.68,1.6,1.7,1.2,6.8,4.4,18.2
Platybelone_argalus_pterura,-31.66,-31.94,5,0,0.00102,3.06,50,0.36,1.061045198,2.3,1.9,4.279180791,4.2,7.9
Plectrypops_lima,-13.22,-23.9,40,3,0.01778,3.02,16,1.16,2.13,0.9,0.7,7.26,3.5,11.3
Pleuronichthys_guttulatus,-8.8,-6.654,50,1,0.00891,3.09,46,0.28,0.48,3.1,2.5,1.57,3.3,4.8
Pleuronichthys_ocellatus,-8.12,-4.06,140,1,0.00891,3.09,24,0.32,0.62,2.4,2.3,2.2,3.1,15.6
Pleuronichthys_ritteri,-7.83,-5.56,97,1,0.00891,3.09,30,0.26,0.5,3,2.8,1.78,3.2,13.6
Pleuronichthys_verticalis,-8.45,-6.23,237,9,0.00933,3.11,37,0.21,0.41,3.9,3.3,1.46,3.1,4.7
Pliosteostoma_lutipinnis,-26.47,-26.9,50,0,0.00891,3.04,25,0.5,1.232639154,1.6,1.5,4.020100131,3.5,23.2
Poeciliopsis_fasciata,-15.35,-24.45,2,0,0.00871,3.15,5.5,0.69,2.27,1.9,1.5,16.1,2,91.3
Poeciliopsis_latidens,-4.67,-2.99,2,0,0.01,3.04,5,0.88,2.41,1.4,1.1,13.72,2,67.5
Poeciliopsis_prolifica,-3.42,-3.32,10,2,0.01,3.04,3.5,1.4,3.75,0.9,0.7,17.5,2,86.8
Poeciliopsis_turrubarensis,-15.42,-27.58,5,0,0.00871,3.15,9,0.69,2.05,1.9,1.4,11.66,2,81.7
Polydactylus_approximans,-36.47,-32.4,60,10,0.00692,3.08,36,0.64,0.94,1.3,1.1,2.82,3.6,5.6
Polydactylus_opercularis,-36.09,-33.72,60,10,0.00676,3.06,50,0.48,0.7,1.8,1.4,2.1,3.3,4.8
Polylepion_cruentum,-17.9,-23.2066,200,150,0.00832,3.13,24,0.35,0.79,2.2,2.1,3.2,3.5,21.7
Pomacanthus_zonipectus,-38.55,-34.07,50,1,0.0309,2.9,50,0.21,0.46,4,3.2,1.78,3.1,24.8
Pomadasys_bayanus,-28.29,-31.61,10,0,0.013506667,3.006666667,51,0.22,0.47,3.8,3,1.82,4,6.1
Pomadasys_branickii,-33.46,-30.27,100,0,0.0138,3.01,30,0.36,0.77,2.2,2,2.98,3.4,16.9
Pomadasys_macracanthus,-33.44,-34.2,30,1,0.01413,3.04,37,0.29,0.62,2.8,2.4,2.4,3.5,15.4
Pomadasys_panamensis,-35.17,-34.11,60,10,0.01259,2.97,39,0.28,0.6,2.9,2.5,2.32,3.8,7.4
Pontinus_furcirhinus,-38.11,-33.9,390,50,0.01202,3.02,33.2,0.2,0.34,3.9,3.7,1.1,3.5,4
Pontinus_sierra,-34.15,-30.47,381,48,0.00851,2.95,33,0.19,0.48,4.1,3.8,2.24,3.5,9.8
Porichthys_analis,-12.39,-9.67,224,0,0.00646,3.17,30,0.22,0.45,3.6,3.3,1.68,3.9,14.4
Porichthys_ephippiatus,-8.84,-16.59,242,15,0.01,3.04,13.5,0.41,0.37,2.7,2,1.32,3.7,36.3
Porichthys_greenei,-11.51,-16.38,30,1,0.00501,3.17,8.5,0.61,0.37,1.9,1.4,1.32,3.6,47.3
Porichthys_margaritatus,-36.59,-32.1,140,4,0.00617,3.21,19,0.3,0.37,3.6,2.6,1.32,3.8,28.2
Porichthys_mimeticus,-10.63,-9.12,185,5,0.01,3.04,26,0.27,0.37,10.4,3.9,1.32,3.9,18.3
Porichthys_myriaster,-6.01,-4.2,126,0,0.00513,3.24,51,0.13,0.26,6.5,5.1,0.92,4.3,4
Porichthys_notatus,-6.27,-4.72,366,0,0.0055,3.17,38,0.21,0.4,4,3.4,1.36,4,5.4
Prionotus_albirostris,-33.42,-34.44,100,1,0.01096,3.01,29,0.34,0.643333333,3.1,2.2,2.613333333,3.6,7
Prionotus_birostratus,-26,-33.98,60,20,0.00389,3.12,18,0.46,1.04,2.3,1.7,4.22,3.5,28.3
Prionotus_horrens,-34.86,-33.05,105,7,0.00389,3.12,35,0.32,0.643333333,4.9,4,2.613333333,3.6,161.6
Prionotus_ruscarius,-33.33,-33.75,107,4,0.00933,2.97,40,0.22,0.5,3.7,3.2,2.04,3.7,17
Prionotus_stephanophrys,-40.35,-34.86,255,2,0.01096,2.96,43,0.17,0.39,4.8,4.1,1.58,3.5,6.3
Prionurus_laticlavius,-31.86,-35.02,30,1,0.01995,3.01,60,0.25,0.49,3.5,2.6,1.74,2.7,15.5
Prionurus_punctatus,-31.54,-31.75,35,5,0.01995,3.01,60,0.25,0.49,3.5,2.6,1.74,2,15.5
Pristigenys_serrula,-36.48,-32.86,250,3,0.02692,2.95,34,0.66,0.97,1.2,1.1,2.9,4,4.7
Prognathodes_falcifer,-10.25,-7.3,270,3,0.02188,3.02,17,1.2,1.85,0.9,0.7,5.78,3.3,9.4
Prognichthys_sealei,-14.77,-10.9,20,0,0.00417,3.12,25,1.37,1.648333333,0.8,0.6,6.044,3.1,12.4
Prognichthys_tringa,-26.95,20.95,5,0,0.00417,3.12,16,1.6,1.648333333,0.7,0.5,6.044,3.4,30.4
Pronotogrammus_eos,-23.65,-34.91,325,80,0.00955,2.97,21,0.55,0.8,1.9,1.4,2.4,3.5,11.3
Pronotogrammus_multifasciatus,-34.71,-37.104,300,40,0.00977,3,29,0.36,0.65,2.2,2,2.22,3.1,5.6
Psenes_pellucidus,-33.95,-12.26,1000,0,0.01995,3.01,80,0.3,0.36,3,2.1,1.04,3.9,2.1
Psenes_sio,-32.33,-17.28,500,0,0.01995,3.01,28,0.54,0.36,2.9,2.4,1.04,3.4,161.6
Pseudobalistes_naufragium,-35.18,-32.09,36,3,0.02344,2.95,100,0.12,0.25,7.7,5.1,0.92,3.2,4.6
Pseudogramma_thaumasia,-35.87,-32.15,40,1,0.01148,3.06,10,1.04,2.26,1.1,0.8,8.4,3.9,17.4
Pseudomyrophis_micropinna,-20.74,-33.28,200,80,0.00078,3.06,16,1.24,2.24,0.9,0.6,7.62,3.8,30.4
Pseudupeneus_grandisquamis,-40.82,-35.98,60,1,0.00933,3.15,30,0.43,0.73,1.8,1.7,2.38,3.4,12
Pycnomma_semisquamatum,-6.44,-4.12,20,2,0.00589,3.12,6.3,1,2.39,1.2,0.9,10.16,3.3,53
Quassiremus_nothochir,-23.17,-25.86,80,1,0.00151,2.91,70,0.32,0.57,2.8,2,1.94,3.8,12.5
Quietula_guaymasiae,-6.81,-3.26,5,0,0.0049,3.09,8.5,0.91,1.81,1.7,1.4,6.44,3.2,106.3
Quietula_y-cauda,-7.65,-6.34,6,0,0.0049,3.09,7,0.91,1.81,1.3,1,6.44,3.2,30.7
Ranzania_laevis,-21.61,-32.6,200,1,0.02291,3.02,200,0.13,0.29,8.1,4.1,0.38,3.7,3
Rhynchoconger_nitens,-36.07,-31.73,104,20,0.00066,3.16,40,0.34,0.69,2.4,2,2.56,3.8,17.5
Ruvettus_pretiosus,-36.58,-35.72,1160,50,0.00347,3.1,305,0.07,0.11,14.8,7.6,0.34,4.2,1.7
Rypticus_bicolor,-38.32,-32.92,68,3,0.01698,3.01,30,0.36,0.78,2.2,2,3.02,4,21.6
Rypticus_courtenayi,-0.97,3.92,20,5,0.01698,3.01,24,0.43,0.92,2.5,1.8,3.57,3.9,27.3
Rypticus_nigripinnis,-38.26,-32.73,70,3,0.01698,3.01,35,0.49,1.06,2.2,1.6,4.12,3.8,25.1
Sagittalarva_inornatus,-22.8,-18.18,150,50,0.01,3.04,19,0.36,1.206129294,4.4,3.6,3.778664931,3.5,161.6
Sarda_chiliensis,-41.48,-37.3,100,0,0.00933,3.05,122,0.46,0.63,2.2,2.4,1.9,4.5,29.45
Sarda_orientalis,-29.17,-31.01,167,1,0.00977,3.04,102,0.26,0.63,3.5,2.4,1.9,4.2,2.6
Sardinops_sagax,-40.88,-38.06,200,0,0.00912,3.06,41,0.695052632,0.33,2.4,2.2,2.34,2.8,29.5
Scarus_compressus,-33.3,-32.28,24,3,0.0138,3.03,68,0.25,0.48,3.5,3.6,1.7,2,14.4
Scarus_ghobban,-32.35,-33.5,150,1,0.01259,3.01,90,0.32,0.56,2.9,2,1.82,2,11.7
Scarus_perrico,-38.29,-32.88,36,6,0.00389,3.12,80,0.23,0.44,3.9,2.8,1.56,2,13.5
Scarus_rubroviolaceus,-29.76,-22.7,36,1,0.01259,3.03,70,0.17,0.37,5.3,3.9,1.44,2,13.4
Schedophilus_haedrichi,-8.31,2.91,200,80,0.00933,3.1,96,0.18,0.37,4.9,3.5,1.38,4.1,12
Sciades_dowii,-12.81,-27.65,15,0,0.00437,3.13,90,0.12,0.26,7.6,5.2,1,4,4.9
Scomber_australasicus,-0.6,0.1,200,87,0.00891,3.05,44,0.24,0.41,3.6,2.9,1.34,4.2,4.2
Scomber_japonicus,-38.72,-37.25,300,0,0.00759,3.06,64,0.36,0.6,2.4,2,1.88,3.4,10.3
Scomberomorus_concolor,-32.3,-23.58,15,0,0.00813,3.03,87,0.34,0.61,2.6,1.9,1.9,4.2,7.7
Scomberomorus_sierra,-38.18,-33.72,60,10,0.00646,2.99,99,0.37,0.61,2.5,1.7,1.9,4.5,6
Scorpaena_afuerae,-30.37,-29.53,100,35,0.01318,3.02,35,0.16,0.4,5,4.4,1.78,3.8,18.9
Scorpaena_guttata,-9,-7.02,183,1,0.0195,3.07,47,0.13,0.28,6.3,5.2,1.08,3.9,0.2
Scorpaena_histrio,-35.95,-37.564,200,5,0.01318,3.02,27.5,0.21,0.53,3.7,3.5,2.48,3.7,22.6
Scorpaena_mystes,-38.26,-32.87,100,1,0.01318,3.02,51,0.12,0.31,6.9,5.6,1.44,3.9,7.3
Scorpaena_russula,-38.09,-33.88,160,7,0.01096,2.94,15,0.35,0.89,3.1,2.3,4.16,3.6,28.5
Scorpaena_sonorae,-12.7,-10.25,91,1,0.01318,3.02,18,0.28,0.456,3.9,2.8,2.032,3.6,20.1
Scorpaenodes_xyris,-36.5,-32.84,50,0,0.00955,2.98,15,0.35,0.74,3.1,2.3,2.88,3.7,19.5
Scuticaria_tigrina,-18.67,-22.81,25,5,0.00102,3.06,140,0.1,0.2,9.5,5.9,0.72,3.8,8.2
Scytalichthys_miurus,-28.38,-20.69,85,10,0.00151,2.91,97,0.23,0.41,4,2.7,1.34,3.9,10.2
Sebastes_cortezi,-4.7733,-3.2967,1100,200,0.01,3.07,31,0.17,0.17,4.5,4.3,0.64,3.6,9.1
Sebastes_exsul,-2.4337,-3.267,200,110,0.01,3.07,31,0.2,0.17,5.2,3.8,0.64,3.6,16.9
Sebastes_macdonaldi,-8.4667,-6.1167,350,76,0.01,3.0625,66,0.08,0.17,10.9,8.1,0.64,3.8,8.5
Sebastes_sinensis,-5.35,-2.7792,670,290,0.01,3.07,15.2,0.27,0.17,4,2.9,0.64,3.5,12.5
Sebastes_spinorbis,-0.0083,-0.251,200,130,0.01,3.04,34.4,0.11,0.17,14.2,11.6,0.64,3.7,161.6
Sebastolobus_alascanus,-23.215,-32.2193,1600,17,0.00912,3.1,80,0.05,0.21,18.2,12.9,0.36,3.6,2.1
Sebastolobus_altivelis,-9.9253,-8.0564,1757,194,0.00912,3.1,39,0.12,0.21,7,6,0.69,3.3,3.2
Selar_crumenophthalmus,-35.28,-33.58,170,0,0.0138,2.97,70,0.54,1.09,1.5,1.3,3.88,3.8,8.6
Selene_brevoortii,-35.27,-31.08,50,1,0.01778,2.86,38,0.45,0.89,1.8,1.6,2.28,3.8,8.3
Selene_orstedii,-31.13,-31.4,50,1,0.02188,2.92,33,0.57,1.05,1.4,1.3,2.28,4.3,5.4
Selene_peruviana,-36.81,-32.23,50,0,0.0182,2.87,85,0.47,0.73,1.8,1.5,2.28,4.3,5.4
Seriola_lalandi,-32.37,-24.6,300,0,0.01778,2.94,250,0.13,0.21,7.4,4.5,0.66,4.2,2.5
Seriola_peruana,-31.93,-30.7,30,0,0.0138,2.95,66.5,0.31,0.21,2.8,2.1,0.66,4.3,14.1
Seriola_rivoliana,-34.54,-34.16,245,5,0.01905,2.97,160,0.12,0.21,8.1,4.8,0.66,4.5,2.3
Seriphus_politus,-5.4,-2.99,21,1,0.00331,3.18,30,0.37,0.65,2.2,2,2.12,3.7,6.2
Serranus_aequidens,-31.85,-25.47,265,75,0.01096,3.07,24.5,0.5,1.08,2.1,1.5,4.2,3.6,24.4
Serranus_psittacinus,-38.08,-33.75,61,2,0.01072,3.06,18,0.55,1.19,1.9,1.4,4.62,3.5,28.3
Serranus_socorroensis,-0.48,3.67,20,5,0.01072,3.06,8,1.16,2.52,1,0.8,9.36,3.3,45.9
Sphoeroides_annulatus,-39.32,-36.54,105,1,0.0263,2.86,48,0.39,0.62,2.1,1.8,1.94,3.1,15
Sphoeroides_lispus,-7.55,-4.22,20,1,0.01,3.04,35.2,0.48,0.76,1.7,1.5,2.38,3.5,12.4
Sphoeroides_lobatus,-37.46,-33.99,107,1,0.0257,2.86,30,0.65,1.03,1.2,1.1,3.22,3.5,13.6
Sphoeroides_sechurae,-40.71,-35.66,118,5,0.0182,2.9,17,0.93,1.78,1.2,0.8,6.32,3.4,26
Sphoeroides_trichocephalus,-24.03,-24.93,10,1,0.01698,2.9,12.6,1.46,2.8,0.8,0.6,9.96,3.3,39.1
Sphyraena_ensis,-34.91,-30.32,60,10,0.00646,2.89,127,0.12,0.285,7.9,5,0.935,4,5
Sphyraena_idiastes,-36.49,-32.15,24,3,0.00741,2.92,91,0.18,0.35,5,3.5,1.24,4.5,4.8
Sphyraena_lucasana,-7.1,-3.69,25,0,0.00741,2.92,76,0.24,0.38,3.7,2.7,1.18,4.2,8.2
Sphyraena_qenie,-23.69,-25.04,100,1,0.007093333,2.91,170,0.1,0.19,9.7,5.7,0.64,4.5,3.3
Stegastes_acapulcoensis,-33.68,-31.13,16,2,0.01995,2.99,18,0.42,0.99,2.6,1.9,4.2,2,33.2
Stegastes_flavilatus,-35.61,-32.22,38,1,0.01995,2.99,15,0.57,1.005,2,1.5,3.91,2,45.6
Stegastes_leucorus,-10.68,-3.6,15,1,0.01995,2.99,17,0.42,1.005,2.6,1.9,3.91,2,32.8
Stegastes_rectifraenum,-14.53,-13.72,12,1,0.01549,2.97,13.5,0.52,1.02,2.1,1.6,3.62,2,21.4
Stegastes_redemptus,-6.27,2.572,20,1,0.01995,2.99,15,0.48,1.005,2.3,1.7,3.91,2,36
Stellifer_chrysoleuca,-24.12,-25.6,30,1,0.00794,3.1,30,0.57,1.08,1.4,1.3,3.68,3.3,9.4
Stellifer_ericymba,-30.6,-32.49,30,1,0.00331,3.17,19,1.5,2.01,1,0.8,7.14,3.4,14.3
Stellifer_illecebrosus,-26.91,-25.77,60,10,0.00851,3.11,25,0.65,1.24,1.2,1.1,4.22,3.2,9.9
Stellifer_walkeri,-26.91,-25.77,15,3,0.01,3.04,17,0.81,1.443333333,2,1.6,5.013333333,3.4,161.6
Stellifer_wintersteenorum,-5.15,-4.36,20,3,0.01,3.04,21,0.81,1.443333333,2,1.6,5.013333333,3.4,161.6
Stethojulis_bandanensis,-25.38,-19.6,30,2,0.01,2.99,15,0.54,1.23,2,1.5,5,3.2,13
Strongylura_exilis,-36.52,-35.37,100,0,0.00138,3.09,91,0.2,0.31,4.5,3.1,0.96,4.5,3.2
Sufflamen_verres,-30.54,-31.32,36,3,0.02344,2.95,40,0.29,0.61,2.8,2.4,2.26,3.3,7.9
Syacium_latifrons,-34.98,-32.66,100,20,0.00776,3.13,28,0.4,0.84,2,1.8,3.12,3.3,19.8
Syacium_longidorsale,-26.7,-25.62,40,10,0.00759,3.14,15,0.71,1.5,1.5,1.1,5.82,3.2,31.5
Syacium_ovale,-36.75,-33.63,90,10,0.00708,3.12,23,0.48,1.01,1.6,1.6,3.76,4,11.1
Symphurus_atramentatus,-38.1,-35.81,120,1,0.01318,3.03,14.4,0.57,0.88,1.9,1.4,3.24,3.5,14.7
Symphurus_atricaudus,-27.87,-39.32,305,2,0.01318,3.03,25,0.48,0.86,2.2,1.6,2.8,3.4,7.7
Symphurus_callopterus,-35.37,-32.82,317,18,0.01318,3.03,16.2,0.51,0.88,2.1,1.5,3.24,3.3,30
Symphurus_chabanaudi,-35.2,-33.97,60,0,0.01318,3.03,25,0.41,0.88,1.9,1.8,3.42,3.4,23.2
Symphurus_elongatus,-33.87,-34.55,100,1,0.01318,3.03,17,0.52,0.88,2.1,1.5,3.24,3.3,30.6
Symphurus_fasciolaris,-27.61,-37.05,50,1,0.00871,2.96,24.5,0.42,0.9,1.8,1.8,3.5,3.4,24.9
Symphurus_gorgonae,-26.99,-34.66,120,21,0.01318,3.03,8.2,0.96,0.88,1.2,0.9,3.24,3.2,45.3
Symphurus_leei,-29.35,-35.42,113,11,0.01318,3.03,15,0.56,0.88,1.9,1.4,3.24,3.3,31.8
Symphurus_melanurus,-33.52,-30.11,35,1,0.01318,3.03,18.6,0.45,0.88,2.4,1.7,3.24,3.4,27.7
Symphurus_melasmatotheca,-29.55,-26.91,111,15,0.01318,3.03,13.6,0.6,0.88,1.8,1.4,3.24,3.3,33.5
Symphurus_oligomerus,-35.97,-32.54,300,80,0.01318,3.03,14.6,0.56,0.88,2,1.4,3.24,3.3,12.8
Symphurus_prolatinaris,-29.48,-26.95,162,9,0.01318,3.03,17,0.52,0.88,2.1,1.5,3.24,3.3,30.2
Symphurus_undecimplerus,-21.33,-15.13,56,17,0.01318,3.03,14.2,0.58,0.88,1.9,1.4,3.24,3.3,32.5
Symphurus_williamsi,-36.93,-33.72,52,0,0.01318,3.03,15,0.7,0.88,1.6,1.2,3.24,3.3,36.9
Syngnathus_auliscus,-35.14,-34.39,20,0,0.00037,3.13,19,0.99,1.53,1.1,0.8,4.78,3.3,34.8
Syngnathus_carinatus,-3.04,-3.06,36,0,0.0004,3.12,23,0.66,1.53,1.2,1.1,4.78,3.3,16
Synodus_evermanni,-37.14,-32.32,300,25,0.00427,3.19,20,0.72,0.9675,2.2,1.8,3.265,4.2,173.7
Synodus_lacertinus,-39.84,-37.44,156,1,0.0038,3.2,23.5,0.94,1.73,1.1,0.8,5.9,4.2,12
Synodus_lucioceps,-21.37,-31.16,229,1,0.00407,3.16,64,0.32,0.49,2.7,2,1.54,4.5,4.3
Synodus_scituliceps,-37.01,-35.51,172,2,0.00389,3.14,55,0.48,0.88,1.7,1.4,3,4.2,8.3
Synodus_sechurae,-35.03,-31.61,90,3,0.00398,3.11,47.6,0.42,0.77,2,1.6,2.62,4.4,17.3
Taractichthys_steindachneri,-3.13,-7.99,700,50,0.01995,2.96,91.4,0.15,0.34,5.8,4.4,1.38,4.3,13.7
Tetrapturus_angustirostris,-32.6,-26.67,1830,350,0.00457,3.21,230,0.37,0.4,2.7,1.5,1.16,4.5,1.3
Thalassoma_grammaticum,-34.85,-30.27,65,3,0.00933,3.04,32,0.27,0.61,3,2.7,2.48,3.5,9.1
Thalassoma_lucasanum,-40.5011,-35.0225,64,2,0.00794,2.99,15,0.54,1.14,2,1.5,4.42,3.5,12.5
Thalassoma_virens,-13.71,-0.72,10,0,0.00933,3.04,30,0.28,0.64,2.8,2.6,2.6,3.6,20.7
Thunnus_alalunga,-32.73,-27.32,600,0,0.01738,2.98,152,0.23,0.31,4.6,2.7,0.94,4.3,2.2
Thunnus_albacares,-30.39,-28.55,464,1,0.01445,3.02,239,0.37,0.33,2.9,1.5,1.42,4.4,11.64
Thunnus_obesus,-30.37,-28.73,1500,0,0.01148,3.01,250,0.25,0.35,4.2,2.3,1.06,4.5,7.8
Thunnus_orientalis,-4.88,-7.72,550,1,0.014436667,3.003333333,300,0.1,0.33,10.5,5.3,0.42,4.5,1.5
Tigrigobius_digueti,-13.69,-16.48,30,1,0.00813,3.2,3.2,1.56,4.33,0.9,0.7,15.4,3.1,77.1
Tigrigobius_janssi,-2.54,-6.25,25,10,0.00589,3.12,3,1.65,4.33,0.8,0.6,15.4,3.1,82.5
Tigrigobius_limbaughi,-7.89,-7.03,30,5,0.00832,3.2,3.3,1.8,4.33,0.7,0.6,17.58,3.1,77.1
Tigrigobius_puncticulatus,-32.95,-32.62,21,2,0.00661,3.11,5,4.6,2.97,1,0.8,13.22,3.5,61.6
Tomicodon_absitus,-0.07,0,10,0,0.0055,3.11,2.3,0.58,1.4025,2.7,2.2,8.49,3.1,161.6
Tomicodon_boehlkei,-8.52,-3.81,12,0,0.0055,3.11,7.5,0.37,0.94,3.2,2.5,4.38,3.2,34.3
Tomicodon_eos,-13.58,-17.25,7,0,0.0055,3.11,5,0.58,1.78,2.2,1.7,11.28,3.5,108.5
Tomicodon_humeralis,-8.65,-4.19,5,0,0.0055,3.11,10,0.29,0.89,4,3,5.64,2.9,68.5
Tomicodon_myersi,-25.12,-33.03,7,0,0.0055,3.11,2.6,0.58,1.4025,2.7,2.2,8.49,3.1,161.6
Tomicodon_petersii,-36.78,-32.13,5,0,0.0055,3.11,4.6,0.65,2,2.1,1.6,12.66,3,117
Tomicodon_zebra,-15.5,-17.42,10,0,0.0055,3.11,6,0.58,1.4025,2.1,2.2,8.49,3.6,24.7
Totoaba_macdonaldi,-5.92,-5.16,25,0,0.00832,3.09,200,0.08,0.16,12.6,7.2,0.57,4.1,2.9
Trachinotus_kennedyi,-34.05,-31.02,72,0,0.0123,2.97,90,0.22,0.41,4.1,2.8,1.4,3.8,4.9
Trachinotus_paitensis,-38.18,-33.72,25,0,0.0123,2.97,51,0.38,0.58,2.2,1.8,1.82,3.7,4.5
Trachinotus_rhodopus,-38.31,-32.94,30,0,0.0123,2.97,61,0.32,0.29,2.7,2.1,1.54,4,4
Trachinotus_stilbe,-30,-28.88,25,0,0.0123,2.97,47,0.5,0.426666667,1.6,1.4,1.586666667,3.6,19.2
Trachurus_symmetricus,-15.72,-18.15,400,0,0.01,2.95,81,0.69,0.92,1.5,1,2.76,3.6,8
Trichiurus_lepturus,-40.3,-35.63,589,0,0.00042,3.14,234,0.25,0.29,4.7,4.7,0.84,4.4,3.1
Trinectes_fimbriatus,-19.8,-14.3,40,2,0.01202,3.13,9,0.97,2.15,1.2,0.9,8.34,3.3,42.9
Trinectes_fonsecensis,-36.89,-33.64,107,10,0.01096,3.25,25,0.38,0.89,2,1.9,3.87,3.4,9.5
Tylosurus_acus_melanotus,-18.39,-28.24,10,0,0.00135,3.1,140,0.19,0.36,4.8,3.2,1.22,4.3,4.6
Tylosurus_crocodilus_fodiator,-32.6,-32.57,10,0,0.00135,3.1,132,0.14,0.26,6.8,4.2,0.88,4.5,3.8
Tylosurus_pacificus,-28.33,-22.61,10,0,0.00135,3.1,130,0.18,0.31,5,3.5,1.05,4.3,15.2
Umbrina_analis,-24.92,-32.97,50,1,0.00331,3.17,35,0.48,0.91,1.7,1.5,3.1,3.3,8.6
Umbrina_bussingi,-22.42,-31.3,290,32,0.00891,3.09,30,0.57,1.08,1.4,1.3,3.68,3.3,20.7
Umbrina_dorsalis,-23.95,-35.72,20,1,0.00891,3.09,40,0.42,0.8,2,1.7,2.84,3.3,7.9
Umbrina_roncador,-8.28,-7.25,60,10,0.00794,3.06,56,0.31,0.57,2.6,2.3,1.94,3.5,6.3
Umbrina_wintersteeni,-4.23,-4.16,15,1,0.00331,3.18,35,0.59,0.9,1.4,1.3,2.82,3.3,13.6
Umbrina_xanti,-38.5,-34.8,35,1,0.00891,3.09,46.5,0.42,0.8,2,1.7,2.84,3.7,7.9
Uraspis_helvola,-20.65,-29.71,300,10,0.01413,2.95,58,0.34,0.6,2.5,1.9,1.96,3.8,5.7
Uropterygius_macrocephalus,-29.27,-20.95,15,1,0.00102,3.06,47,0.26,0.54,3.2,2.6,2,3.5,15.8
Uropterygius_polystictus,-28.21,-22.25,35,0,0.00102,3.06,72,0.18,0.37,4.9,3.6,1.38,3.6,12.3
Uropterygius_versutus,-27,-19.92,40,1,0.00102,3.06,56,0.22,0.46,3.9,3,1.7,3.6,14.3
Xanthichthys_mento,-31.95,-25.74,130,6,0.02344,2.95,30,0.37,1.063991269,2.1,2,3.805380279,4,6.2
Xenichthys_xanti,-33.69,-33.62,33,0,0.01,3.07,25.4,1.42,1.148971688,2.860991758,2.158244798,4.148247956,3.5,11.8
Xenomugil_thoburni,-24.92,-25.96,10,0,0.01122,2.99,60,0.32,0.71,2.5,2.3,2.88,2.3,32.4
Xyrichtys_mundiceps,-1.72,-2.071,27,0,0.01122,3.04,14.5,0.46,0.55,2.4,1.7,0.5,3.4,32.1
Xystreurys_liolepis,-8.28,-6.14,136,5,0.00813,3.15,63.5,0.19,0.33,4.6,3.4,1.08,3.5,3.3
Zalembius_rosaceus,-5.95,-5.82,229,8,0.01,3.04,20,0.35,0.69,3,2.2,2.46,3.3,17.4
Zalieutes_elater,-38.1,-33.65,160,18,0.0195,2.96,15,0.3,0.5,2.7,2.7,1.64,4,4.7
